date,store_id,item_id,sales,promotion,holiday,lag_1,lag_7,rolling_mean_7,day_of_week,month
2023-01-01,3,C,95,0,1,70.0,70.0,94.0,6,1
2023-01-01,1,C,165,1,1,95.0,85.0,105.42857142857143,6,1
2023-01-01,3,D,91,0,1,165.0,120.0,101.28571428571429,6,1
2023-01-01,1,B,120,0,1,91.0,87.0,106.0,6,1
2023-01-01,2,D,50,0,1,120.0,115.0,96.71428571428571,6,1
2023-01-02,1,D,23,0,0,50.0,86.0,87.71428571428571,0,1
2023-01-02,2,D,21,0,0,23.0,70.0,80.71428571428571,0,1
2023-01-02,3,B,31,0,0,21.0,95.0,71.57142857142857,0,1
2023-01-02,1,C,49,0,0,31.0,165.0,55.0,0,1
2023-01-02,3,A,45,1,0,49.0,91.0,48.42857142857143,0,1
2023-01-02,2,A,45,0,0,45.0,120.0,37.714285714285715,0,1
2023-01-02,1,B,32,0,0,45.0,50.0,35.142857142857146,0,1
2023-01-02,1,A,22,0,0,32.0,23.0,35.0,0,1
2023-01-02,3,C,53,1,0,22.0,21.0,39.57142857142857,0,1
2023-01-02,2,B,43,1,0,53.0,31.0,41.285714285714285,0,1
2023-01-02,2,C,47,0,0,43.0,49.0,41.0,0,1
2023-01-02,3,D,46,0,0,47.0,45.0,41.142857142857146,0,1
2023-01-03,2,C,29,0,0,46.0,45.0,38.857142857142854,1,1
2023-01-03,2,B,28,0,0,29.0,32.0,38.285714285714285,1,1
2023-01-03,2,D,22,0,0,28.0,22.0,38.285714285714285,1,1
2023-01-03,1,C,29,0,0,22.0,53.0,34.857142857142854,1,1
2023-01-03,2,A,41,0,0,29.0,43.0,34.57142857142857,1,1
2023-01-03,3,A,41,0,0,41.0,47.0,33.714285714285715,1,1
2023-01-03,1,A,25,0,0,41.0,46.0,30.714285714285715,1,1
2023-01-03,1,B,68,1,0,25.0,29.0,36.285714285714285,1,1
2023-01-03,3,B,36,0,0,68.0,28.0,37.42857142857143,1,1
2023-01-03,1,D,30,1,0,36.0,22.0,38.57142857142857,1,1
2023-01-03,3,C,36,0,0,30.0,29.0,39.57142857142857,1,1
2023-01-03,3,D,48,1,0,36.0,41.0,40.57142857142857,1,1
2023-01-04,3,D,61,1,0,48.0,41.0,43.42857142857143,2,1
2023-01-04,2,C,38,0,0,61.0,25.0,45.285714285714285,2,1
2023-01-04,1,A,21,0,0,38.0,68.0,38.57142857142857,2,1
2023-01-04,1,B,55,0,0,21.0,36.0,41.285714285714285,2,1
2023-01-04,2,B,30,0,0,55.0,30.0,41.285714285714285,2,1
2023-01-04,3,C,57,1,0,30.0,36.0,44.285714285714285,2,1
2023-01-04,3,A,25,0,0,57.0,48.0,41.0,2,1
2023-01-04,3,B,35,0,0,25.0,61.0,37.285714285714285,2,1
2023-01-04,2,D,26,0,0,35.0,38.0,35.57142857142857,2,1
2023-01-04,2,A,53,0,0,26.0,21.0,40.142857142857146,2,1
2023-01-04,1,C,42,0,0,53.0,55.0,38.285714285714285,2,1
2023-01-04,1,D,25,0,0,42.0,30.0,37.57142857142857,2,1
2023-01-05,3,C,33,0,0,25.0,57.0,34.142857142857146,3,1
2023-01-05,2,A,49,0,0,33.0,25.0,37.57142857142857,3,1
2023-01-05,2,C,32,0,0,49.0,35.0,37.142857142857146,3,1
2023-01-05,1,A,23,0,0,32.0,26.0,36.714285714285715,3,1
2023-01-05,3,B,38,0,0,23.0,53.0,34.57142857142857,3,1
2023-01-05,2,D,23,0,0,38.0,42.0,31.857142857142858,3,1
2023-01-05,3,A,24,0,0,23.0,25.0,31.714285714285715,3,1
2023-01-05,1,B,51,0,0,24.0,33.0,34.285714285714285,3,1
2023-01-05,2,B,32,0,0,51.0,49.0,31.857142857142858,3,1
2023-01-05,1,D,29,0,0,32.0,32.0,31.428571428571427,3,1
2023-01-05,3,D,49,1,0,29.0,23.0,35.142857142857146,3,1
2023-01-05,1,C,43,0,0,49.0,38.0,35.857142857142854,3,1
2023-01-06,3,A,33,0,0,43.0,23.0,37.285714285714285,4,1
2023-01-06,1,B,44,0,0,33.0,24.0,40.142857142857146,4,1
2023-01-06,3,C,37,0,0,44.0,51.0,38.142857142857146,4,1
2023-01-06,2,D,43,1,0,37.0,32.0,39.714285714285715,4,1
2023-01-06,3,B,33,0,0,43.0,29.0,40.285714285714285,4,1
2023-01-06,1,D,27,0,0,33.0,49.0,37.142857142857146,4,1
2023-01-06,3,D,33,0,0,27.0,43.0,35.714285714285715,4,1
2023-01-06,1,C,52,0,0,33.0,33.0,38.42857142857143,4,1
2023-01-06,1,A,26,0,0,52.0,44.0,35.857142857142854,4,1
2023-01-06,2,A,45,0,0,26.0,37.0,37.0,4,1
2023-01-06,2,C,35,0,0,45.0,43.0,35.857142857142854,4,1
2023-01-06,2,B,35,0,0,35.0,33.0,36.142857142857146,4,1
2023-01-07,1,D,27,0,0,35.0,27.0,36.142857142857146,5,1
2023-01-07,2,A,88,1,0,27.0,33.0,44.0,5,1
2023-01-07,3,B,48,0,0,88.0,52.0,43.42857142857143,5,1
2023-01-07,3,C,41,0,0,48.0,26.0,45.57142857142857,5,1
2023-01-07,1,C,57,0,0,41.0,45.0,47.285714285714285,5,1
2023-01-07,2,C,33,0,0,57.0,35.0,47.0,5,1
2023-01-07,3,D,46,0,0,33.0,35.0,48.57142857142857,5,1
2023-01-07,2,B,51,0,0,46.0,27.0,52.0,5,1
2023-01-07,1,B,54,0,0,51.0,88.0,47.142857142857146,5,1
2023-01-07,1,A,58,1,0,54.0,48.0,48.57142857142857,5,1
2023-01-07,3,A,39,0,0,58.0,41.0,48.285714285714285,5,1
2023-01-07,2,D,27,0,0,39.0,57.0,44.0,5,1
2023-01-08,1,B,102,1,0,27.0,33.0,53.857142857142854,6,1
2023-01-08,2,C,49,0,0,102.0,46.0,54.285714285714285,6,1
2023-01-08,3,C,39,0,0,49.0,51.0,52.57142857142857,6,1
2023-01-08,3,B,42,0,0,39.0,54.0,50.857142857142854,6,1
2023-01-08,2,D,36,0,0,42.0,58.0,47.714285714285715,6,1
2023-01-08,1,C,52,0,0,36.0,39.0,49.57142857142857,6,1
2023-01-08,3,D,45,0,0,52.0,27.0,52.142857142857146,6,1
2023-01-08,1,A,41,0,0,45.0,102.0,43.42857142857143,6,1
2023-01-08,2,B,42,0,0,41.0,49.0,42.42857142857143,6,1
2023-01-08,3,A,34,0,0,42.0,39.0,41.714285714285715,6,1
2023-01-08,2,A,65,0,0,34.0,42.0,45.0,6,1
2023-01-08,1,D,44,0,0,65.0,36.0,46.142857142857146,6,1
2023-01-09,3,A,23,0,0,44.0,52.0,42.0,0,1
2023-01-09,2,D,16,0,0,23.0,45.0,37.857142857142854,0,1
2023-01-09,1,C,40,0,0,16.0,41.0,37.714285714285715,0,1
2023-01-09,3,C,37,0,0,40.0,42.0,37.0,0,1
2023-01-09,1,B,46,0,0,37.0,34.0,38.714285714285715,0,1
2023-01-09,3,B,38,0,0,46.0,65.0,34.857142857142854,0,1
2023-01-09,1,D,34,1,0,38.0,44.0,33.42857142857143,0,1
2023-01-09,2,A,37,0,0,34.0,23.0,35.42857142857143,0,1
2023-01-09,3,D,42,0,0,37.0,16.0,39.142857142857146,0,1
2023-01-09,2,C,64,1,0,42.0,40.0,42.57142857142857,0,1
2023-01-09,1,A,13,0,0,64.0,37.0,39.142857142857146,0,1
2023-01-09,2,B,35,0,0,13.0,46.0,37.57142857142857,0,1
2023-01-10,1,B,47,0,0,35.0,38.0,38.857142857142854,1,1
2023-01-10,3,D,44,0,0,47.0,34.0,40.285714285714285,1,1
2023-01-10,1,A,29,0,0,44.0,37.0,39.142857142857146,1,1
2023-01-10,3,A,28,0,0,29.0,42.0,37.142857142857146,1,1
2023-01-10,2,B,36,0,0,28.0,64.0,33.142857142857146,1,1
2023-01-10,2,D,23,0,0,36.0,13.0,34.57142857142857,1,1
2023-01-10,1,C,60,1,0,23.0,35.0,38.142857142857146,1,1
2023-01-10,2,C,38,0,0,60.0,47.0,36.857142857142854,1,1
2023-01-10,2,A,55,0,0,38.0,44.0,38.42857142857143,1,1
2023-01-10,3,B,32,0,0,55.0,29.0,38.857142857142854,1,1
2023-01-10,3,C,28,0,0,32.0,28.0,38.857142857142854,1,1
2023-01-10,1,D,42,1,0,28.0,36.0,39.714285714285715,1,1
2023-01-11,1,C,42,0,0,42.0,23.0,42.42857142857143,2,1
2023-01-11,3,A,39,0,0,42.0,60.0,39.42857142857143,2,1
2023-01-11,2,C,21,0,0,39.0,38.0,37.0,2,1
2023-01-11,3,D,37,0,0,21.0,55.0,34.42857142857143,2,1
2023-01-11,1,B,45,0,0,37.0,32.0,36.285714285714285,2,1
2023-01-11,3,C,32,0,0,45.0,28.0,36.857142857142854,2,1
2023-01-11,2,D,23,0,0,32.0,42.0,34.142857142857146,2,1
2023-01-11,1,A,37,1,0,23.0,42.0,33.42857142857143,2,1
2023-01-11,3,B,18,0,0,37.0,39.0,30.428571428571427,2,1
2023-01-11,2,A,52,0,0,18.0,21.0,34.857142857142854,2,1
2023-01-11,2,B,35,0,0,52.0,37.0,34.57142857142857,2,1
2023-01-11,1,D,22,0,0,35.0,45.0,31.285714285714285,2,1
2023-01-12,1,D,29,0,0,22.0,32.0,30.857142857142858,3,1
2023-01-12,3,B,35,0,0,29.0,23.0,32.57142857142857,3,1
2023-01-12,3,C,27,0,0,35.0,37.0,31.142857142857142,3,1
2023-01-12,3,A,22,0,0,27.0,18.0,31.714285714285715,3,1
2023-01-12,2,A,40,0,0,22.0,52.0,30.0,3,1
2023-01-12,2,D,41,1,0,40.0,35.0,30.857142857142858,3,1
2023-01-12,2,C,37,0,0,41.0,22.0,33.0,3,1
2023-01-12,1,C,45,0,0,37.0,29.0,35.285714285714285,3,1
2023-01-12,2,B,27,0,0,45.0,35.0,34.142857142857146,3,1
2023-01-12,3,D,27,0,0,27.0,27.0,34.142857142857146,3,1
2023-01-12,1,B,46,0,0,27.0,22.0,37.57142857142857,3,1
2023-01-12,1,A,25,0,0,46.0,40.0,35.42857142857143,3,1
2023-01-13,2,C,28,0,0,25.0,41.0,33.57142857142857,4,1
2023-01-13,2,A,49,0,0,28.0,37.0,35.285714285714285,4,1
2023-01-13,2,B,39,0,0,49.0,45.0,34.42857142857143,4,1
2023-01-13,3,C,26,0,0,39.0,27.0,34.285714285714285,4,1
2023-01-13,3,D,42,0,0,26.0,27.0,36.42857142857143,4,1
2023-01-13,1,B,43,0,0,42.0,46.0,36.0,4,1
2023-01-13,3,B,32,0,0,43.0,25.0,37.0,4,1
2023-01-13,2,D,21,0,0,32.0,28.0,36.0,4,1
2023-01-13,1,C,37,0,0,21.0,49.0,34.285714285714285,4,1
2023-01-13,1,A,26,0,0,37.0,39.0,32.42857142857143,4,1
2023-01-13,3,A,30,0,0,26.0,26.0,33.0,4,1
2023-01-13,1,D,35,1,0,30.0,42.0,32.0,4,1
2023-01-14,2,C,39,0,0,35.0,43.0,31.428571428571427,5,1
2023-01-14,2,B,47,0,0,39.0,32.0,33.57142857142857,5,1
2023-01-14,2,A,55,0,0,47.0,21.0,38.42857142857143,5,1
2023-01-14,3,A,38,0,0,55.0,37.0,38.57142857142857,5,1
2023-01-14,3,D,75,1,0,38.0,26.0,45.57142857142857,5,1
2023-01-14,3,C,40,0,0,75.0,30.0,47.0,5,1
2023-01-14,3,B,63,1,0,40.0,35.0,51.0,5,1
2023-01-14,1,B,58,0,0,63.0,39.0,53.714285714285715,5,1
2023-01-14,1,D,30,0,0,58.0,47.0,51.285714285714285,5,1
2023-01-14,1,C,84,1,0,30.0,55.0,55.42857142857143,5,1
2023-01-14,2,D,53,1,0,84.0,38.0,57.57142857142857,5,1
2023-01-14,1,A,52,1,0,53.0,75.0,54.285714285714285,5,1
2023-01-15,2,D,22,0,0,52.0,40.0,51.714285714285715,6,1
2023-01-15,1,D,36,0,0,22.0,63.0,47.857142857142854,6,1
2023-01-15,3,D,44,0,0,36.0,58.0,45.857142857142854,6,1
2023-01-15,2,A,54,0,0,44.0,30.0,49.285714285714285,6,1
2023-01-15,1,C,84,1,0,54.0,84.0,49.285714285714285,6,1
2023-01-15,3,C,51,0,0,84.0,53.0,49.0,6,1
2023-01-15,3,A,37,0,0,51.0,52.0,46.857142857142854,6,1
2023-01-15,2,C,49,0,0,37.0,22.0,50.714285714285715,6,1
2023-01-15,3,B,38,0,0,49.0,36.0,51.0,6,1
2023-01-15,2,B,63,1,0,38.0,44.0,53.714285714285715,6,1
2023-01-15,1,A,32,0,0,63.0,54.0,50.57142857142857,6,1
2023-01-15,1,B,67,0,0,32.0,84.0,48.142857142857146,6,1
2023-01-16,2,B,27,0,0,67.0,51.0,44.714285714285715,0,1
2023-01-16,2,D,19,0,0,27.0,37.0,42.142857142857146,0,1
2023-01-16,1,C,62,1,0,19.0,49.0,44.0,0,1
2023-01-16,3,D,26,0,0,62.0,38.0,42.285714285714285,0,1
2023-01-16,2,A,38,0,0,26.0,63.0,38.714285714285715,0,1
2023-01-16,1,D,33,0,0,38.0,32.0,38.857142857142854,0,1
2023-01-16,3,A,36,0,0,33.0,67.0,34.42857142857143,0,1
2023-01-16,3,C,43,0,0,36.0,27.0,36.714285714285715,0,1
2023-01-16,2,C,55,1,0,43.0,19.0,41.857142857142854,0,1
2023-01-16,1,B,52,0,0,55.0,62.0,40.42857142857143,0,1
2023-01-16,3,B,36,0,0,52.0,26.0,41.857142857142854,0,1
2023-01-16,1,A,39,1,0,36.0,38.0,42.0,0,1
2023-01-17,1,A,25,0,0,39.0,33.0,40.857142857142854,1,1
2023-01-17,2,B,32,0,0,25.0,36.0,40.285714285714285,1,1
2023-01-17,2,D,19,0,0,32.0,43.0,36.857142857142854,1,1
2023-01-17,3,B,27,0,0,19.0,55.0,32.857142857142854,1,1
2023-01-17,3,D,26,0,0,27.0,52.0,29.142857142857142,1,1
2023-01-17,1,C,42,0,0,26.0,36.0,30.0,1,1
2023-01-17,2,C,39,0,0,42.0,39.0,30.0,1,1
2023-01-17,3,C,37,0,0,39.0,25.0,31.714285714285715,1,1
2023-01-17,1,B,36,0,0,37.0,32.0,32.285714285714285,1,1
2023-01-17,1,D,23,0,0,36.0,19.0,32.857142857142854,1,1
2023-01-17,3,A,36,0,0,23.0,27.0,34.142857142857146,1,1
2023-01-17,2,A,40,0,0,36.0,26.0,36.142857142857146,1,1
2023-01-18,2,A,56,0,0,40.0,42.0,38.142857142857146,2,1
2023-01-18,1,D,22,0,0,56.0,39.0,35.714285714285715,2,1
2023-01-18,2,B,24,0,0,22.0,37.0,33.857142857142854,2,1
2023-01-18,2,C,37,0,0,24.0,36.0,34.0,2,1
2023-01-18,1,C,37,0,0,37.0,23.0,36.0,2,1
2023-01-18,1,A,26,0,0,37.0,36.0,34.57142857142857,2,1
2023-01-18,1,B,39,0,0,26.0,40.0,34.42857142857143,2,1
2023-01-18,2,D,16,0,0,39.0,56.0,28.714285714285715,2,1
2023-01-18,3,B,53,1,0,16.0,22.0,33.142857142857146,2,1
2023-01-18,3,C,36,0,0,53.0,24.0,34.857142857142854,2,1
2023-01-18,3,D,28,0,0,36.0,37.0,33.57142857142857,2,1
2023-01-18,3,A,27,0,0,28.0,37.0,32.142857142857146,2,1
2023-01-19,3,B,33,0,0,27.0,26.0,33.142857142857146,3,1
2023-01-19,2,B,39,0,0,33.0,39.0,33.142857142857146,3,1
2023-01-19,3,A,31,0,0,39.0,16.0,35.285714285714285,3,1
2023-01-19,1,D,20,0,0,31.0,53.0,30.571428571428573,3,1
2023-01-19,2,C,35,0,0,20.0,36.0,30.428571428571427,3,1
2023-01-19,3,D,34,0,0,35.0,28.0,31.285714285714285,3,1
2023-01-19,1,C,43,0,0,34.0,27.0,33.57142857142857,3,1
2023-01-19,1,A,31,0,0,43.0,33.0,33.285714285714285,3,1
2023-01-19,2,D,34,1,0,31.0,39.0,32.57142857142857,3,1
2023-01-19,2,A,77,1,0,34.0,31.0,39.142857142857146,3,1
2023-01-19,3,C,42,0,0,77.0,20.0,42.285714285714285,3,1
2023-01-19,1,B,42,0,0,42.0,35.0,43.285714285714285,3,1
2023-01-20,1,D,31,1,0,42.0,34.0,42.857142857142854,4,1
2023-01-20,1,C,58,1,0,31.0,43.0,45.0,4,1
2023-01-20,2,D,33,1,0,58.0,31.0,45.285714285714285,4,1
2023-01-20,3,A,36,0,0,33.0,34.0,45.57142857142857,4,1
2023-01-20,2,B,29,0,0,36.0,77.0,38.714285714285715,4,1
2023-01-20,3,B,36,0,0,29.0,42.0,37.857142857142854,4,1
2023-01-20,2,C,39,0,0,36.0,42.0,37.42857142857143,4,1
2023-01-20,1,A,47,1,0,39.0,31.0,39.714285714285715,4,1
2023-01-20,1,B,51,0,0,47.0,58.0,38.714285714285715,4,1
2023-01-20,2,A,47,0,0,51.0,33.0,40.714285714285715,4,1
2023-01-20,3,C,51,1,0,47.0,36.0,42.857142857142854,4,1
2023-01-20,3,D,42,0,0,51.0,29.0,44.714285714285715,4,1
2023-01-21,2,B,40,0,0,42.0,36.0,45.285714285714285,5,1
2023-01-21,1,B,66,0,0,40.0,39.0,49.142857142857146,5,1
2023-01-21,3,D,50,0,0,66.0,47.0,49.57142857142857,5,1
2023-01-21,1,A,28,0,0,50.0,51.0,46.285714285714285,5,1
2023-01-21,3,A,42,0,0,28.0,47.0,45.57142857142857,5,1
2023-01-21,1,C,86,1,0,42.0,51.0,50.57142857142857,5,1
2023-01-21,2,D,35,0,0,86.0,42.0,49.57142857142857,5,1
2023-01-21,3,B,65,1,0,35.0,40.0,53.142857142857146,5,1
2023-01-21,1,D,43,1,0,65.0,66.0,49.857142857142854,5,1
2023-01-21,2,A,56,0,0,43.0,50.0,50.714285714285715,5,1
2023-01-21,2,C,38,0,0,56.0,28.0,52.142857142857146,5,1
2023-01-21,3,C,44,0,0,38.0,42.0,52.42857142857143,5,1
2023-01-22,1,C,52,0,0,44.0,86.0,47.57142857142857,6,1
2023-01-22,3,D,73,1,0,52.0,35.0,53.0,6,1
2023-01-22,3,A,37,0,0,73.0,65.0,49.0,6,1
2023-01-22,3,C,49,0,0,37.0,43.0,49.857142857142854,6,1
2023-01-22,1,A,32,0,0,49.0,56.0,46.42857142857143,6,1
2023-01-22,2,C,51,0,0,32.0,38.0,48.285714285714285,6,1
2023-01-22,2,A,68,0,0,51.0,44.0,51.714285714285715,6,1
2023-01-22,2,B,70,1,0,68.0,52.0,54.285714285714285,6,1
2023-01-22,1,B,64,0,0,70.0,73.0,53.0,6,1
2023-01-22,2,D,24,0,0,64.0,37.0,51.142857142857146,6,1
2023-01-22,1,D,28,0,0,24.0,49.0,48.142857142857146,6,1
2023-01-22,3,B,71,1,0,28.0,32.0,53.714285714285715,6,1
2023-01-23,1,D,28,0,0,71.0,51.0,50.42857142857143,0,1
2023-01-23,3,C,49,1,0,28.0,68.0,47.714285714285715,0,1
2023-01-23,1,B,40,0,0,49.0,70.0,43.42857142857143,0,1
2023-01-23,2,A,51,0,0,40.0,64.0,41.57142857142857,0,1
2023-01-23,1,C,34,0,0,51.0,24.0,43.0,0,1
2023-01-23,3,D,37,0,0,34.0,28.0,44.285714285714285,0,1
2023-01-23,2,D,34,0,0,37.0,71.0,39.0,0,1
2023-01-23,2,B,36,1,0,34.0,28.0,40.142857142857146,0,1
2023-01-23,2,C,28,0,0,36.0,49.0,37.142857142857146,0,1
2023-01-23,3,B,35,0,0,28.0,40.0,36.42857142857143,0,1
2023-01-23,3,A,44,0,0,35.0,51.0,35.42857142857143,0,1
2023-01-23,1,A,27,0,0,44.0,34.0,34.42857142857143,0,1
2023-01-24,1,D,26,0,0,27.0,37.0,32.857142857142854,1,1
2023-01-24,3,B,33,0,0,26.0,34.0,32.714285714285715,1,1
2023-01-24,1,B,43,0,0,33.0,36.0,33.714285714285715,1,1
2023-01-24,3,A,38,0,0,43.0,28.0,35.142857142857146,1,1
2023-01-24,2,D,31,0,0,38.0,35.0,34.57142857142857,1,1
2023-01-24,3,D,53,1,0,31.0,44.0,35.857142857142854,1,1
2023-01-24,1,C,48,0,0,53.0,27.0,38.857142857142854,1,1
2023-01-24,2,A,71,1,0,48.0,26.0,45.285714285714285,1,1
2023-01-24,3,C,39,0,0,71.0,33.0,46.142857142857146,1,1
2023-01-24,2,C,55,1,0,39.0,43.0,47.857142857142854,1,1
2023-01-24,2,B,55,1,0,55.0,38.0,50.285714285714285,1,1
2023-01-24,1,A,19,0,0,55.0,31.0,48.57142857142857,1,1
2023-01-25,1,A,28,1,0,19.0,53.0,45.0,2,1
2023-01-25,2,C,42,0,0,28.0,48.0,44.142857142857146,2,1
2023-01-25,3,D,35,0,0,42.0,71.0,39.0,2,1
2023-01-25,2,D,20,0,0,35.0,39.0,36.285714285714285,2,1
2023-01-25,2,B,34,0,0,20.0,55.0,33.285714285714285,2,1
2023-01-25,3,A,25,0,0,34.0,55.0,29.0,2,1
2023-01-25,1,D,27,0,0,25.0,19.0,30.142857142857142,2,1
2023-01-25,1,C,39,0,0,27.0,28.0,31.714285714285715,2,1
2023-01-25,3,C,39,0,0,39.0,42.0,31.285714285714285,2,1
2023-01-25,1,B,49,0,0,39.0,35.0,33.285714285714285,2,1
2023-01-25,2,A,48,0,0,49.0,20.0,37.285714285714285,2,1
2023-01-25,3,B,21,0,0,48.0,34.0,35.42857142857143,2,1
2023-01-26,3,B,39,0,0,21.0,25.0,37.42857142857143,3,1
2023-01-26,3,A,33,0,0,39.0,27.0,38.285714285714285,3,1
2023-01-26,3,D,29,0,0,33.0,39.0,36.857142857142854,3,1
2023-01-26,2,A,54,0,0,29.0,39.0,39.0,3,1
2023-01-26,1,D,27,0,0,54.0,49.0,35.857142857142854,3,1
2023-01-26,3,C,58,1,0,27.0,48.0,37.285714285714285,3,1
2023-01-26,1,B,45,0,0,58.0,21.0,40.714285714285715,3,1
2023-01-26,2,C,30,0,0,45.0,39.0,39.42857142857143,3,1
2023-01-26,1,C,39,0,0,30.0,33.0,40.285714285714285,3,1
2023-01-26,2,B,40,0,0,39.0,29.0,41.857142857142854,3,1
2023-01-26,1,A,34,1,0,40.0,54.0,39.0,3,1
2023-01-26,2,D,26,0,0,34.0,27.0,38.857142857142854,3,1
2023-01-27,2,A,37,0,0,26.0,58.0,35.857142857142854,4,1
2023-01-27,1,D,30,0,0,37.0,45.0,33.714285714285715,4,1
2023-01-27,3,D,47,1,0,30.0,30.0,36.142857142857146,4,1
2023-01-27,2,C,57,1,0,47.0,39.0,38.714285714285715,4,1
2023-01-27,2,B,27,0,0,57.0,40.0,36.857142857142854,4,1
2023-01-27,1,C,35,0,0,27.0,34.0,37.0,4,1
2023-01-27,2,D,20,0,0,35.0,26.0,36.142857142857146,4,1
2023-01-27,3,B,25,0,0,20.0,37.0,34.42857142857143,4,1
2023-01-27,3,A,37,1,0,25.0,30.0,35.42857142857143,4,1
2023-01-27,1,A,30,0,0,37.0,47.0,33.0,4,1
2023-01-27,1,B,44,0,0,30.0,57.0,31.142857142857142,4,1
2023-01-27,3,C,48,1,0,44.0,27.0,34.142857142857146,4,1
2023-01-28,2,B,43,0,0,48.0,35.0,35.285714285714285,5,1
2023-01-28,3,A,36,0,0,43.0,20.0,37.57142857142857,5,1
2023-01-28,1,B,89,1,0,36.0,25.0,46.714285714285715,5,1
2023-01-28,1,D,43,1,0,89.0,37.0,47.57142857142857,5,1
2023-01-28,2,A,80,1,0,43.0,30.0,54.714285714285715,5,1
2023-01-28,3,C,44,0,0,80.0,44.0,54.714285714285715,5,1
2023-01-28,2,C,49,0,0,44.0,48.0,54.857142857142854,5,1
2023-01-28,3,D,43,0,0,49.0,43.0,54.857142857142854,5,1
2023-01-28,1,C,59,0,0,43.0,36.0,58.142857142857146,5,1
2023-01-28,2,D,33,0,0,59.0,89.0,50.142857142857146,5,1
2023-01-28,3,B,36,0,0,33.0,43.0,49.142857142857146,5,1
2023-01-28,1,A,25,0,0,36.0,80.0,41.285714285714285,5,1
2023-01-29,1,B,66,0,0,25.0,44.0,44.42857142857143,6,1
2023-01-29,3,B,47,0,0,66.0,49.0,44.142857142857146,6,1
2023-01-29,1,A,53,1,0,47.0,43.0,45.57142857142857,6,1
2023-01-29,1,D,32,0,0,53.0,59.0,41.714285714285715,6,1
2023-01-29,1,C,51,0,0,32.0,33.0,44.285714285714285,6,1
2023-01-29,3,C,48,0,0,51.0,36.0,46.0,6,1
2023-01-29,3,D,43,0,0,48.0,25.0,48.57142857142857,6,1
2023-01-29,2,A,68,0,0,43.0,66.0,48.857142857142854,6,1
2023-01-29,2,D,38,1,0,68.0,47.0,47.57142857142857,6,1
2023-01-29,2,C,46,0,0,38.0,53.0,46.57142857142857,6,1
2023-01-29,3,A,35,0,0,46.0,32.0,47.0,6,1
2023-01-29,2,B,37,0,0,35.0,51.0,45.0,6,1
2023-01-30,3,C,46,0,0,37.0,48.0,44.714285714285715,0,1
2023-01-30,3,B,33,0,0,46.0,43.0,43.285714285714285,0,1
2023-01-30,3,A,37,0,0,33.0,68.0,38.857142857142854,0,1
2023-01-30,2,D,26,0,0,37.0,38.0,37.142857142857146,0,1
2023-01-30,1,C,39,0,0,26.0,46.0,36.142857142857146,0,1
2023-01-30,1,D,16,0,0,39.0,35.0,33.42857142857143,0,1
2023-01-30,2,C,26,0,0,16.0,37.0,31.857142857142858,0,1
2023-01-30,1,A,29,0,0,26.0,46.0,29.428571428571427,0,1
2023-01-30,2,A,58,0,0,29.0,33.0,33.0,0,1
2023-01-30,1,B,49,0,0,58.0,37.0,34.714285714285715,0,1
2023-01-30,3,D,36,0,0,49.0,26.0,36.142857142857146,0,1
2023-01-30,2,B,38,0,0,36.0,39.0,36.0,0,1
2023-01-31,2,D,21,0,0,38.0,16.0,36.714285714285715,1,1
2023-01-31,3,D,41,0,0,21.0,26.0,38.857142857142854,1,1
2023-01-31,3,B,42,1,0,41.0,29.0,40.714285714285715,1,1
2023-01-31,1,A,26,0,0,42.0,58.0,36.142857142857146,1,1
2023-01-31,2,C,55,1,0,26.0,49.0,37.0,1,1
2023-01-31,1,C,36,0,0,55.0,36.0,37.0,1,1
2023-01-31,3,A,35,0,0,36.0,38.0,36.57142857142857,1,1
2023-01-31,2,B,37,0,0,35.0,21.0,38.857142857142854,1,1
2023-01-31,1,D,16,0,0,37.0,41.0,35.285714285714285,1,1
2023-01-31,1,B,45,0,0,16.0,42.0,35.714285714285715,1,1
2023-01-31,2,A,47,0,0,45.0,26.0,38.714285714285715,1,1
2023-01-31,3,C,34,0,0,47.0,55.0,35.714285714285715,1,1
2023-02-01,3,C,25,0,0,34.0,36.0,34.142857142857146,2,2
2023-02-01,1,B,48,0,0,25.0,35.0,36.0,2,2
2023-02-01,1,D,24,0,0,48.0,37.0,34.142857142857146,2,2
2023-02-01,3,A,29,0,0,24.0,16.0,36.0,2,2
2023-02-01,3,D,29,0,0,29.0,45.0,33.714285714285715,2,2
2023-02-01,2,D,16,0,0,29.0,47.0,29.285714285714285,2,2
2023-02-01,2,B,57,1,0,16.0,34.0,32.57142857142857,2,2
2023-02-01,2,A,62,1,0,57.0,25.0,37.857142857142854,2,2
2023-02-01,3,B,30,0,0,62.0,48.0,35.285714285714285,2,2
2023-02-01,2,C,36,0,0,30.0,24.0,37.0,2,2
2023-02-01,1,A,28,0,0,36.0,29.0,36.857142857142854,2,2
2023-02-01,1,C,45,0,0,28.0,29.0,39.142857142857146,2,2
2023-02-02,3,C,38,0,0,45.0,16.0,42.285714285714285,3,2
2023-02-02,2,C,40,0,0,38.0,57.0,39.857142857142854,3,2
2023-02-02,3,A,26,0,0,40.0,62.0,34.714285714285715,3,2
2023-02-02,2,B,32,0,0,26.0,30.0,35.0,3,2
2023-02-02,2,A,51,0,0,32.0,36.0,37.142857142857146,3,2
2023-02-02,1,A,17,0,0,51.0,28.0,35.57142857142857,3,2
2023-02-02,3,B,39,0,0,17.0,45.0,34.714285714285715,3,2
2023-02-02,1,B,40,0,0,39.0,38.0,35.0,3,2
2023-02-02,3,D,33,0,0,40.0,40.0,34.0,3,2
2023-02-02,1,C,45,0,0,33.0,26.0,36.714285714285715,3,2
2023-02-02,1,D,35,1,0,45.0,32.0,37.142857142857146,3,2
2023-02-02,2,D,23,0,0,35.0,51.0,33.142857142857146,3,2
2023-02-03,1,D,24,0,0,23.0,17.0,34.142857142857146,4,2
2023-02-03,3,D,39,0,0,24.0,39.0,34.142857142857146,4,2
2023-02-03,2,C,30,0,0,39.0,40.0,32.714285714285715,4,2
2023-02-03,3,A,26,0,0,30.0,33.0,31.714285714285715,4,2
2023-02-03,2,D,23,0,0,26.0,45.0,28.571428571428573,4,2
2023-02-03,2,B,43,0,0,23.0,35.0,29.714285714285715,4,2
2023-02-03,1,A,19,0,0,43.0,23.0,29.142857142857142,4,2
2023-02-03,3,C,25,0,0,19.0,24.0,29.285714285714285,4,2
2023-02-03,2,A,63,1,0,25.0,39.0,32.714285714285715,4,2
2023-02-03,1,B,67,1,0,63.0,30.0,38.0,4,2
2023-02-03,1,C,59,1,0,67.0,26.0,42.714285714285715,4,2
2023-02-03,3,B,34,0,0,59.0,23.0,44.285714285714285,4,2
2023-02-04,1,D,34,0,0,34.0,43.0,43.0,5,2
2023-02-04,2,A,64,0,0,34.0,19.0,49.42857142857143,5,2
2023-02-04,2,D,31,0,0,64.0,25.0,50.285714285714285,5,2
2023-02-04,3,D,49,0,0,31.0,63.0,48.285714285714285,5,2
2023-02-04,2,B,58,1,0,49.0,67.0,47.0,5,2
2023-02-04,3,C,77,1,0,58.0,59.0,49.57142857142857,5,2
2023-02-04,3,A,32,0,0,77.0,34.0,49.285714285714285,5,2
2023-02-04,3,B,43,0,0,32.0,34.0,50.57142857142857,5,2
2023-02-04,1,C,53,0,0,43.0,64.0,49.0,5,2
2023-02-04,1,A,37,0,0,53.0,31.0,49.857142857142854,5,2
2023-02-04,2,C,52,0,0,37.0,49.0,50.285714285714285,5,2
2023-02-04,1,B,66,0,0,52.0,58.0,51.42857142857143,5,2
2023-02-05,3,C,48,0,0,66.0,77.0,47.285714285714285,6,2
2023-02-05,1,B,53,0,0,48.0,32.0,50.285714285714285,6,2
2023-02-05,2,B,42,0,0,53.0,43.0,50.142857142857146,6,2
2023-02-05,2,D,39,0,0,42.0,53.0,48.142857142857146,6,2
2023-02-05,2,C,47,0,0,39.0,37.0,49.57142857142857,6,2
2023-02-05,1,D,39,0,0,47.0,52.0,47.714285714285715,6,2
2023-02-05,1,C,62,0,0,39.0,66.0,47.142857142857146,6,2
2023-02-05,3,B,40,0,0,62.0,48.0,46.0,6,2
2023-02-05,3,D,69,1,0,40.0,53.0,48.285714285714285,6,2
2023-02-05,2,A,63,0,0,69.0,42.0,51.285714285714285,6,2
2023-02-05,1,A,29,0,0,63.0,39.0,49.857142857142854,6,2
2023-02-05,3,A,38,0,0,29.0,47.0,48.57142857142857,6,2
2023-02-06,2,C,35,0,0,38.0,39.0,48.0,0,2
2023-02-06,3,B,54,1,0,35.0,62.0,46.857142857142854,0,2
2023-02-06,2,B,27,0,0,54.0,40.0,45.0,0,2
2023-02-06,1,C,33,0,0,27.0,69.0,39.857142857142854,0,2
2023-02-06,2,D,21,0,0,33.0,63.0,33.857142857142854,0,2
2023-02-06,3,C,37,0,0,21.0,29.0,35.0,0,2
2023-02-06,3,A,32,0,0,37.0,38.0,34.142857142857146,0,2
2023-02-06,1,D,24,0,0,32.0,35.0,32.57142857142857,0,2
2023-02-06,1,A,27,0,0,24.0,54.0,28.714285714285715,0,2
2023-02-06,2,A,73,1,0,27.0,27.0,35.285714285714285,0,2
2023-02-06,3,D,36,0,0,73.0,33.0,35.714285714285715,0,2
2023-02-06,1,B,49,0,0,36.0,21.0,39.714285714285715,0,2
2023-02-07,1,D,23,0,0,49.0,37.0,37.714285714285715,1,2
2023-02-07,2,B,33,0,0,23.0,32.0,37.857142857142854,1,2
2023-02-07,1,A,42,1,0,33.0,24.0,40.42857142857143,1,2
2023-02-07,2,A,50,0,0,42.0,27.0,43.714285714285715,1,2
2023-02-07,3,B,33,0,0,50.0,73.0,38.0,1,2
2023-02-07,2,D,22,0,0,33.0,36.0,36.0,1,2
2023-02-07,3,C,34,0,0,22.0,49.0,33.857142857142854,1,2
2023-02-07,3,A,26,0,0,34.0,23.0,34.285714285714285,1,2
2023-02-07,1,C,56,0,0,26.0,33.0,37.57142857142857,1,2
2023-02-07,3,D,35,0,0,56.0,42.0,36.57142857142857,1,2
2023-02-07,2,C,42,0,0,35.0,50.0,35.42857142857143,1,2
2023-02-07,1,B,36,0,0,42.0,33.0,35.857142857142854,1,2
2023-02-08,3,C,48,1,0,36.0,22.0,39.57142857142857,2,2
2023-02-08,1,A,35,1,0,48.0,34.0,39.714285714285715,2,2
2023-02-08,3,B,36,0,0,35.0,26.0,41.142857142857146,2,2
2023-02-08,1,D,20,0,0,36.0,56.0,36.0,2,2
2023-02-08,2,A,46,0,0,20.0,35.0,37.57142857142857,2,2
2023-02-08,1,B,55,0,0,46.0,42.0,39.42857142857143,2,2
2023-02-08,2,C,40,0,0,55.0,36.0,40.0,2,2
2023-02-08,2,D,16,0,0,40.0,48.0,35.42857142857143,2,2
2023-02-08,2,B,28,0,0,16.0,35.0,34.42857142857143,2,2
2023-02-08,1,C,41,0,0,28.0,36.0,35.142857142857146,2,2
2023-02-08,3,A,35,0,0,41.0,20.0,37.285714285714285,2,2
2023-02-08,3,D,35,0,0,35.0,46.0,35.714285714285715,2,2
2023-02-09,1,A,26,0,0,35.0,55.0,31.571428571428573,3,2
2023-02-09,2,A,39,0,0,26.0,40.0,31.428571428571427,3,2
2023-02-09,1,C,37,0,0,39.0,16.0,34.42857142857143,3,2
2023-02-09,2,D,37,1,0,37.0,28.0,35.714285714285715,3,2
2023-02-09,1,B,67,1,0,37.0,41.0,39.42857142857143,3,2
2023-02-09,1,D,28,0,0,67.0,35.0,38.42857142857143,3,2
2023-02-09,3,A,47,1,0,28.0,35.0,40.142857142857146,3,2
2023-02-09,2,B,38,0,0,47.0,26.0,41.857142857142854,3,2
2023-02-09,3,C,37,0,0,38.0,39.0,41.57142857142857,3,2
2023-02-09,2,C,58,1,0,37.0,37.0,44.57142857142857,3,2
2023-02-09,3,D,62,1,0,58.0,37.0,48.142857142857146,3,2
2023-02-09,3,B,29,0,0,62.0,67.0,42.714285714285715,3,2
2023-02-10,2,D,22,0,0,29.0,28.0,41.857142857142854,4,2
2023-02-10,1,C,37,0,0,22.0,47.0,40.42857142857143,4,2
2023-02-10,3,A,31,0,0,37.0,38.0,39.42857142857143,4,2
2023-02-10,2,C,31,0,0,31.0,37.0,38.57142857142857,4,2
2023-02-10,1,B,72,1,0,31.0,58.0,40.57142857142857,4,2
2023-02-10,1,A,31,0,0,72.0,62.0,36.142857142857146,4,2
2023-02-10,2,A,51,0,0,31.0,29.0,39.285714285714285,4,2
2023-02-10,1,D,33,1,0,51.0,22.0,40.857142857142854,4,2
2023-02-10,2,B,35,0,0,33.0,37.0,40.57142857142857,4,2
2023-02-10,3,C,28,0,0,35.0,31.0,40.142857142857146,4,2
2023-02-10,3,D,28,0,0,28.0,31.0,39.714285714285715,4,2
2023-02-10,3,B,44,0,0,28.0,72.0,35.714285714285715,4,2
2023-02-11,3,A,37,0,0,44.0,31.0,36.57142857142857,5,2
2023-02-11,1,C,58,0,0,37.0,51.0,37.57142857142857,5,2
2023-02-11,3,C,63,1,0,58.0,33.0,41.857142857142854,5,2
2023-02-11,3,B,50,0,0,63.0,35.0,44.0,5,2
2023-02-11,3,D,67,1,0,50.0,28.0,49.57142857142857,5,2
2023-02-11,2,C,49,0,0,67.0,28.0,52.57142857142857,5,2
2023-02-11,1,D,30,0,0,49.0,44.0,50.57142857142857,5,2
2023-02-11,2,A,62,0,0,30.0,37.0,54.142857142857146,5,2
2023-02-11,1,A,43,0,0,62.0,58.0,52.0,5,2
2023-02-11,1,B,61,0,0,43.0,63.0,51.714285714285715,5,2
2023-02-11,2,B,37,0,0,61.0,50.0,49.857142857142854,5,2
2023-02-11,2,D,25,0,0,37.0,67.0,43.857142857142854,5,2
2023-02-12,1,C,57,0,0,25.0,49.0,45.0,6,2
2023-02-12,2,B,46,0,0,57.0,30.0,47.285714285714285,6,2
2023-02-12,3,B,44,0,0,46.0,62.0,44.714285714285715,6,2
2023-02-12,3,D,41,0,0,44.0,43.0,44.42857142857143,6,2
2023-02-12,2,A,61,0,0,41.0,61.0,44.42857142857143,6,2
2023-02-12,2,D,31,0,0,61.0,37.0,43.57142857142857,6,2
2023-02-12,3,C,49,0,0,31.0,25.0,47.0,6,2
2023-02-12,1,D,35,0,0,49.0,57.0,43.857142857142854,6,2
2023-02-12,1,A,36,0,0,35.0,46.0,42.42857142857143,6,2
2023-02-12,1,B,61,0,0,36.0,44.0,44.857142857142854,6,2
2023-02-12,3,A,45,0,0,61.0,41.0,45.42857142857143,6,2
2023-02-12,2,C,38,0,0,45.0,61.0,42.142857142857146,6,2
2023-02-13,2,B,40,0,0,38.0,31.0,43.42857142857143,0,2
2023-02-13,2,A,39,0,0,40.0,49.0,42.0,0,2
2023-02-13,1,A,39,1,0,39.0,35.0,42.57142857142857,0,2
2023-02-13,2,C,32,0,0,39.0,36.0,42.0,0,2
2023-02-13,3,B,35,0,0,32.0,61.0,38.285714285714285,0,2
2023-02-13,3,C,49,1,0,35.0,45.0,38.857142857142854,0,2
2023-02-13,2,D,19,0,0,49.0,38.0,36.142857142857146,0,2
2023-02-13,1,B,48,0,0,19.0,40.0,37.285714285714285,0,2
2023-02-13,1,C,48,0,0,48.0,39.0,38.57142857142857,0,2
2023-02-13,3,A,31,0,0,48.0,39.0,37.42857142857143,0,2
2023-02-13,1,D,24,0,0,31.0,32.0,36.285714285714285,0,2
2023-02-13,3,D,38,0,0,24.0,35.0,36.714285714285715,0,2
2023-02-14,1,C,42,0,0,38.0,49.0,35.714285714285715,1,2
2023-02-14,1,D,24,0,0,42.0,19.0,36.42857142857143,1,2
2023-02-14,2,D,34,0,0,24.0,48.0,34.42857142857143,1,2
2023-02-14,2,A,43,0,0,34.0,48.0,33.714285714285715,1,2
2023-02-14,3,B,30,0,0,43.0,31.0,33.57142857142857,1,2
2023-02-14,1,B,38,0,0,30.0,24.0,35.57142857142857,1,2
2023-02-14,1,A,22,0,0,38.0,38.0,33.285714285714285,1,2
2023-02-14,2,B,35,0,0,22.0,42.0,32.285714285714285,1,2
2023-02-14,3,C,36,0,0,35.0,24.0,34.0,1,2
2023-02-14,3,A,30,0,0,36.0,34.0,33.42857142857143,1,2
2023-02-14,2,C,32,0,0,30.0,43.0,31.857142857142858,1,2
2023-02-14,3,D,53,1,0,32.0,30.0,35.142857142857146,1,2
2023-02-15,3,C,36,0,0,53.0,38.0,34.857142857142854,2,2
2023-02-15,2,A,48,0,0,36.0,22.0,38.57142857142857,2,2
2023-02-15,1,B,48,0,0,48.0,35.0,40.42857142857143,2,2
2023-02-15,3,A,29,0,0,48.0,36.0,39.42857142857143,2,2
2023-02-15,1,A,22,0,0,29.0,30.0,38.285714285714285,2,2
2023-02-15,3,D,33,0,0,22.0,32.0,38.42857142857143,2,2
2023-02-15,1,D,20,0,0,33.0,53.0,33.714285714285715,2,2
2023-02-15,3,B,54,1,0,20.0,36.0,36.285714285714285,2,2
2023-02-15,1,C,40,0,0,54.0,48.0,35.142857142857146,2,2
2023-02-15,2,D,21,0,0,40.0,48.0,31.285714285714285,2,2
2023-02-15,2,C,39,0,0,21.0,29.0,32.714285714285715,2,2
2023-02-15,2,B,25,0,0,39.0,22.0,33.142857142857146,2,2
2023-02-16,2,C,41,0,0,25.0,33.0,34.285714285714285,3,2
2023-02-16,3,D,34,0,0,41.0,20.0,36.285714285714285,3,2
2023-02-16,3,A,26,0,0,34.0,54.0,32.285714285714285,3,2
2023-02-16,2,A,83,1,0,26.0,40.0,38.42857142857143,3,2
2023-02-16,2,B,32,0,0,83.0,21.0,40.0,3,2
2023-02-16,3,C,34,0,0,32.0,39.0,39.285714285714285,3,2
2023-02-16,3,B,23,0,0,34.0,25.0,39.0,3,2
2023-02-16,1,A,25,0,0,23.0,41.0,36.714285714285715,3,2
2023-02-16,2,D,29,1,0,25.0,34.0,36.0,3,2
2023-02-16,1,D,38,1,0,29.0,26.0,37.714285714285715,3,2
2023-02-16,1,B,69,1,0,38.0,83.0,35.714285714285715,3,2
2023-02-16,1,C,34,0,0,69.0,32.0,36.0,3,2
2023-02-17,2,B,36,0,0,34.0,34.0,36.285714285714285,4,2
2023-02-17,2,D,26,0,0,36.0,23.0,36.714285714285715,4,2
2023-02-17,3,D,39,0,0,26.0,25.0,38.714285714285715,4,2
2023-02-17,3,A,48,1,0,39.0,29.0,41.42857142857143,4,2
2023-02-17,1,C,43,0,0,48.0,38.0,42.142857142857146,4,2
2023-02-17,3,C,34,0,0,43.0,69.0,37.142857142857146,4,2
2023-02-17,1,B,44,0,0,34.0,34.0,38.57142857142857,4,2
2023-02-17,2,C,36,0,0,44.0,36.0,38.57142857142857,4,2
2023-02-17,1,D,35,0,0,36.0,26.0,39.857142857142854,4,2
2023-02-17,3,B,42,0,0,35.0,39.0,40.285714285714285,4,2
2023-02-17,1,A,21,0,0,42.0,48.0,36.42857142857143,4,2
2023-02-17,2,A,41,0,0,21.0,43.0,36.142857142857146,4,2
2023-02-18,3,B,69,1,0,41.0,34.0,41.142857142857146,5,2
2023-02-18,1,B,57,0,0,69.0,44.0,43.0,5,2
2023-02-18,1,D,25,0,0,57.0,36.0,41.42857142857143,5,2
2023-02-18,2,B,41,0,0,25.0,35.0,42.285714285714285,5,2
2023-02-18,3,C,71,1,0,41.0,42.0,46.42857142857143,5,2
2023-02-18,2,D,17,0,0,71.0,21.0,45.857142857142854,5,2
2023-02-18,1,A,65,1,0,17.0,41.0,49.285714285714285,5,2
2023-02-18,1,C,54,0,0,65.0,69.0,47.142857142857146,5,2
2023-02-18,3,D,57,0,0,54.0,57.0,47.142857142857146,5,2
2023-02-18,3,A,42,0,0,57.0,25.0,49.57142857142857,5,2
2023-02-18,2,C,68,1,0,42.0,41.0,53.42857142857143,5,2
2023-02-18,2,A,59,0,0,68.0,71.0,51.714285714285715,5,2
2023-02-19,2,D,39,1,0,59.0,17.0,54.857142857142854,6,2
2023-02-19,2,C,51,0,0,39.0,65.0,52.857142857142854,6,2
2023-02-19,2,B,37,0,0,51.0,54.0,50.42857142857143,6,2
2023-02-19,3,C,71,1,0,37.0,57.0,52.42857142857143,6,2
2023-02-19,1,C,58,0,0,71.0,42.0,54.714285714285715,6,2
2023-02-19,1,B,93,1,0,58.0,68.0,58.285714285714285,6,2
2023-02-19,2,A,66,0,0,93.0,59.0,59.285714285714285,6,2
2023-02-19,1,A,29,0,0,66.0,39.0,57.857142857142854,6,2
2023-02-19,3,B,39,0,0,29.0,51.0,56.142857142857146,6,2
2023-02-19,3,D,67,1,0,39.0,37.0,60.42857142857143,6,2
2023-02-19,1,D,26,0,0,67.0,71.0,54.0,6,2
2023-02-19,3,A,37,0,0,26.0,58.0,51.0,6,2
2023-02-20,1,B,42,0,0,37.0,93.0,43.714285714285715,0,2
2023-02-20,3,D,55,1,0,42.0,66.0,42.142857142857146,0,2
2023-02-20,3,C,47,1,0,55.0,29.0,44.714285714285715,0,2
2023-02-20,2,D,28,0,0,47.0,39.0,43.142857142857146,0,2
2023-02-20,3,B,42,0,0,28.0,67.0,39.57142857142857,0,2
2023-02-20,1,C,69,1,0,42.0,26.0,45.714285714285715,0,2
2023-02-20,3,A,33,0,0,69.0,37.0,45.142857142857146,0,2
2023-02-20,1,D,28,0,0,33.0,42.0,43.142857142857146,0,2
2023-02-20,2,B,39,0,0,28.0,55.0,40.857142857142854,0,2
2023-02-20,2,C,36,0,0,39.0,47.0,39.285714285714285,0,2
2023-02-20,2,A,42,0,0,36.0,28.0,41.285714285714285,0,2
2023-02-20,1,A,31,0,0,42.0,42.0,39.714285714285715,0,2
2023-02-21,2,D,17,0,0,31.0,69.0,32.285714285714285,1,2
2023-02-21,2,A,52,0,0,17.0,33.0,35.0,1,2
2023-02-21,3,D,34,0,0,52.0,28.0,35.857142857142854,1,2
2023-02-21,3,A,49,1,0,34.0,39.0,37.285714285714285,1,2
2023-02-21,1,A,38,0,0,49.0,36.0,37.57142857142857,1,2
2023-02-21,2,C,36,0,0,38.0,42.0,36.714285714285715,1,2
2023-02-21,3,B,43,0,0,36.0,31.0,38.42857142857143,1,2
2023-02-21,1,D,38,1,0,43.0,17.0,41.42857142857143,1,2
2023-02-21,1,C,44,0,0,38.0,52.0,40.285714285714285,1,2
2023-02-21,2,B,31,0,0,44.0,34.0,39.857142857142854,1,2
2023-02-21,1,B,52,0,0,31.0,49.0,40.285714285714285,1,2
2023-02-21,3,C,32,0,0,52.0,38.0,39.42857142857143,1,2
2023-02-22,3,C,46,0,0,32.0,36.0,40.857142857142854,2,2
2023-02-22,3,A,27,0,0,46.0,43.0,38.57142857142857,2,2
2023-02-22,1,D,31,0,0,27.0,38.0,37.57142857142857,2,2
2023-02-22,2,C,51,1,0,31.0,44.0,38.57142857142857,2,2
2023-02-22,2,D,27,0,0,51.0,31.0,38.0,2,2
2023-02-22,2,A,38,0,0,27.0,52.0,36.0,2,2
2023-02-22,1,A,48,1,0,38.0,32.0,38.285714285714285,2,2
2023-02-22,1,B,49,0,0,48.0,46.0,38.714285714285715,2,2
2023-02-22,2,B,40,0,0,49.0,27.0,40.57142857142857,2,2
2023-02-22,3,D,43,0,0,40.0,31.0,42.285714285714285,2,2
2023-02-22,1,C,67,1,0,43.0,51.0,44.57142857142857,2,2
2023-02-22,3,B,35,0,0,67.0,27.0,45.714285714285715,2,2
2023-02-23,2,D,28,0,0,35.0,38.0,44.285714285714285,3,2
2023-02-23,2,A,39,0,0,28.0,48.0,43.0,3,2
2023-02-23,1,A,44,1,0,39.0,49.0,42.285714285714285,3,2
2023-02-23,3,A,32,0,0,44.0,40.0,41.142857142857146,3,2
2023-02-23,2,B,46,1,0,32.0,43.0,41.57142857142857,3,2
2023-02-23,1,C,65,1,0,46.0,67.0,41.285714285714285,3,2
2023-02-23,3,B,29,0,0,65.0,35.0,40.42857142857143,3,2
2023-02-23,3,D,60,1,0,29.0,28.0,45.0,3,2
2023-02-23,1,D,21,0,0,60.0,39.0,42.42857142857143,3,2
2023-02-23,2,C,36,0,0,21.0,44.0,41.285714285714285,3,2
2023-02-23,3,C,50,1,0,36.0,32.0,43.857142857142854,3,2
2023-02-23,1,B,48,0,0,50.0,46.0,44.142857142857146,3,2
2023-02-24,2,D,43,1,0,48.0,65.0,41.0,4,2
2023-02-24,1,C,44,0,0,43.0,29.0,43.142857142857146,4,2
2023-02-24,3,B,34,0,0,44.0,60.0,39.42857142857143,4,2
2023-02-24,1,D,29,0,0,34.0,21.0,40.57142857142857,4,2
2023-02-24,3,A,28,0,0,29.0,36.0,39.42857142857143,4,2
2023-02-24,3,C,31,0,0,28.0,50.0,36.714285714285715,4,2
2023-02-24,1,B,52,0,0,31.0,48.0,37.285714285714285,4,2
2023-02-24,3,D,33,0,0,52.0,43.0,35.857142857142854,4,2
2023-02-24,2,C,30,0,0,33.0,44.0,33.857142857142854,4,2
2023-02-24,2,A,54,0,0,30.0,34.0,36.714285714285715,4,2
2023-02-24,1,A,23,0,0,54.0,29.0,35.857142857142854,4,2
2023-02-24,2,B,31,0,0,23.0,28.0,36.285714285714285,4,2
2023-02-25,2,A,65,0,0,31.0,31.0,41.142857142857146,5,2
2023-02-25,3,D,45,0,0,65.0,52.0,40.142857142857146,5,2
2023-02-25,2,B,61,1,0,45.0,33.0,44.142857142857146,5,2
2023-02-25,1,C,55,0,0,61.0,30.0,47.714285714285715,5,2
2023-02-25,1,A,33,0,0,55.0,54.0,44.714285714285715,5,2
2023-02-25,3,A,58,1,0,33.0,23.0,49.714285714285715,5,2
2023-02-25,2,D,24,0,0,58.0,31.0,48.714285714285715,5,2
2023-02-25,1,B,52,0,0,24.0,65.0,46.857142857142854,5,2
2023-02-25,2,C,44,0,0,52.0,45.0,46.714285714285715,5,2
2023-02-25,3,C,49,0,0,44.0,61.0,45.0,5,2
2023-02-25,3,B,69,1,0,49.0,55.0,47.0,5,2
2023-02-25,1,D,33,0,0,69.0,33.0,47.0,5,2
2023-02-26,1,D,27,0,0,33.0,58.0,42.57142857142857,6,2
2023-02-26,2,D,42,1,0,27.0,24.0,45.142857142857146,6,2
2023-02-26,1,A,39,0,0,42.0,52.0,43.285714285714285,6,2
2023-02-26,1,B,55,0,0,39.0,44.0,44.857142857142854,6,2
2023-02-26,2,A,69,0,0,55.0,49.0,47.714285714285715,6,2
2023-02-26,3,C,45,0,0,69.0,69.0,44.285714285714285,6,2
2023-02-26,3,D,40,0,0,45.0,33.0,45.285714285714285,6,2
2023-02-26,3,B,45,0,0,40.0,27.0,47.857142857142854,6,2
2023-02-26,3,A,40,0,0,45.0,42.0,47.57142857142857,6,2
2023-02-26,2,B,42,0,0,40.0,39.0,48.0,6,2
2023-02-26,2,C,54,0,0,42.0,55.0,47.857142857142854,6,2
2023-02-26,1,C,56,0,0,54.0,69.0,46.0,6,2
2023-02-27,3,D,40,0,0,56.0,45.0,45.285714285714285,0,2
2023-02-27,3,B,46,1,0,40.0,40.0,46.142857142857146,0,2
2023-02-27,2,D,28,0,0,46.0,45.0,43.714285714285715,0,2
2023-02-27,1,A,25,0,0,28.0,40.0,41.57142857142857,0,2
2023-02-27,1,C,49,0,0,25.0,42.0,42.57142857142857,0,2
2023-02-27,3,A,27,0,0,49.0,54.0,38.714285714285715,0,2
2023-02-27,1,D,21,0,0,27.0,56.0,33.714285714285715,0,2
2023-02-27,2,B,35,0,0,21.0,40.0,33.0,0,2
2023-02-27,2,C,35,0,0,35.0,46.0,31.428571428571427,0,2
2023-02-27,3,C,26,0,0,35.0,28.0,31.142857142857142,0,2
2023-02-27,1,B,50,0,0,26.0,25.0,34.714285714285715,0,2
2023-02-27,2,A,80,1,0,50.0,49.0,39.142857142857146,0,2
2023-02-28,3,B,36,0,0,80.0,27.0,40.42857142857143,1,2
2023-02-28,1,C,45,0,0,36.0,21.0,43.857142857142854,1,2
2023-02-28,1,B,43,0,0,45.0,35.0,45.0,1,2
2023-02-28,3,D,40,0,0,43.0,35.0,45.714285714285715,1,2
2023-02-28,1,A,30,0,0,40.0,26.0,46.285714285714285,1,2
2023-02-28,2,B,44,1,0,30.0,50.0,45.42857142857143,1,2
2023-02-28,2,A,54,0,0,44.0,80.0,41.714285714285715,1,2
2023-02-28,2,C,39,0,0,54.0,36.0,42.142857142857146,1,2
2023-02-28,2,D,29,0,0,39.0,45.0,39.857142857142854,1,2
2023-02-28,3,C,41,0,0,29.0,43.0,39.57142857142857,1,2
2023-02-28,1,D,24,0,0,41.0,40.0,37.285714285714285,1,2
2023-02-28,3,A,31,0,0,24.0,30.0,37.42857142857143,1,2
2023-03-01,2,C,33,0,0,31.0,44.0,35.857142857142854,2,3
2023-03-01,2,B,27,0,0,33.0,54.0,32.0,2,3
2023-03-01,1,A,25,0,0,27.0,39.0,30.0,2,3
2023-03-01,3,B,56,1,0,25.0,29.0,33.857142857142854,2,3
2023-03-01,3,D,35,0,0,56.0,41.0,33.0,2,3
2023-03-01,1,D,20,0,0,35.0,24.0,32.42857142857143,2,3
2023-03-01,3,C,30,0,0,20.0,31.0,32.285714285714285,2,3
2023-03-01,2,D,20,0,0,30.0,33.0,30.428571428571427,2,3
2023-03-01,1,C,42,0,0,20.0,27.0,32.57142857142857,2,3
2023-03-01,3,A,33,0,0,42.0,25.0,33.714285714285715,2,3
2023-03-01,2,A,39,0,0,33.0,56.0,31.285714285714285,2,3
2023-03-01,1,B,44,0,0,39.0,35.0,32.57142857142857,2,3
2023-03-02,3,C,26,0,0,44.0,20.0,33.42857142857143,3,3
2023-03-02,1,D,30,0,0,26.0,30.0,33.42857142857143,3,3
2023-03-02,1,A,22,0,0,30.0,20.0,33.714285714285715,3,3
2023-03-02,1,B,40,0,0,22.0,42.0,33.42857142857143,3,3
2023-03-02,3,D,39,0,0,40.0,33.0,34.285714285714285,3,3
2023-03-02,2,B,24,0,0,39.0,39.0,32.142857142857146,3,3
2023-03-02,3,A,23,0,0,24.0,44.0,29.142857142857142,3,3
2023-03-02,2,A,46,0,0,23.0,26.0,32.0,3,3
2023-03-02,1,C,62,1,0,46.0,30.0,36.57142857142857,3,3
2023-03-02,2,C,61,1,0,62.0,22.0,42.142857142857146,3,3
2023-03-02,3,B,28,0,0,61.0,40.0,40.42857142857143,3,3
2023-03-02,2,D,15,0,0,28.0,39.0,37.0,3,3
2023-03-03,2,B,40,1,0,15.0,24.0,39.285714285714285,4,3
2023-03-03,3,A,34,0,0,40.0,23.0,40.857142857142854,4,3
2023-03-03,1,C,43,0,0,34.0,46.0,40.42857142857143,4,3
2023-03-03,2,C,35,0,0,43.0,62.0,36.57142857142857,4,3
2023-03-03,1,D,28,0,0,35.0,61.0,31.857142857142858,4,3
2023-03-03,2,A,56,1,0,28.0,28.0,35.857142857142854,4,3
2023-03-03,1,A,24,0,0,56.0,15.0,37.142857142857146,4,3
2023-03-03,2,D,17,0,0,24.0,40.0,33.857142857142854,4,3
2023-03-03,3,B,28,0,0,17.0,34.0,33.0,4,3
2023-03-03,3,D,34,0,0,28.0,43.0,31.714285714285715,4,3
2023-03-03,3,C,36,0,0,34.0,35.0,31.857142857142858,4,3
2023-03-03,1,B,42,0,0,36.0,28.0,33.857142857142854,4,3
2023-03-04,2,D,24,0,0,42.0,56.0,29.285714285714285,5,3
2023-03-04,3,B,41,0,0,24.0,24.0,31.714285714285715,5,3
2023-03-04,2,A,61,0,0,41.0,17.0,38.0,5,3
2023-03-04,3,C,41,0,0,61.0,28.0,39.857142857142854,5,3
2023-03-04,2,C,54,0,0,41.0,34.0,42.714285714285715,5,3
2023-03-04,1,C,61,0,0,54.0,36.0,46.285714285714285,5,3
2023-03-04,2,B,36,0,0,61.0,42.0,45.42857142857143,5,3
2023-03-04,3,D,45,0,0,36.0,24.0,48.42857142857143,5,3
2023-03-04,1,B,67,0,0,45.0,41.0,52.142857142857146,5,3
2023-03-04,1,D,29,0,0,67.0,61.0,47.57142857142857,5,3
2023-03-04,3,A,46,0,0,29.0,41.0,48.285714285714285,5,3
2023-03-04,1,A,29,0,0,46.0,54.0,44.714285714285715,5,3
2023-03-05,1,A,39,0,0,29.0,61.0,41.57142857142857,6,3
2023-03-05,1,C,59,0,0,39.0,36.0,44.857142857142854,6,3
2023-03-05,2,C,43,0,0,59.0,45.0,44.57142857142857,6,3
2023-03-05,2,B,40,0,0,43.0,67.0,40.714285714285715,6,3
2023-03-05,3,C,63,1,0,40.0,29.0,45.57142857142857,6,3
2023-03-05,3,D,50,0,0,63.0,46.0,46.142857142857146,6,3
2023-03-05,1,B,64,0,0,50.0,29.0,51.142857142857146,6,3
2023-03-05,2,A,96,1,0,64.0,39.0,59.285714285714285,6,3
2023-03-05,1,D,31,0,0,96.0,59.0,55.285714285714285,6,3
2023-03-05,3,B,43,0,0,31.0,43.0,55.285714285714285,6,3
2023-03-05,2,D,29,0,0,43.0,40.0,53.714285714285715,6,3
2023-03-05,3,A,42,0,0,29.0,63.0,50.714285714285715,6,3
2023-03-06,1,A,28,0,0,42.0,50.0,47.57142857142857,0,3
2023-03-06,1,C,31,0,0,28.0,64.0,42.857142857142854,0,3
2023-03-06,1,D,42,1,0,31.0,96.0,35.142857142857146,0,3
2023-03-06,2,C,52,1,0,42.0,31.0,38.142857142857146,0,3
2023-03-06,3,B,38,0,0,52.0,43.0,37.42857142857143,0,3
2023-03-06,1,B,48,0,0,38.0,29.0,40.142857142857146,0,3
2023-03-06,3,A,35,0,0,48.0,42.0,39.142857142857146,0,3
2023-03-06,3,C,37,0,0,35.0,28.0,40.42857142857143,0,3
2023-03-06,2,D,25,0,0,37.0,31.0,39.57142857142857,0,3
2023-03-06,2,A,76,1,0,25.0,42.0,44.42857142857143,0,3
2023-03-06,2,B,50,1,0,76.0,52.0,44.142857142857146,0,3
2023-03-06,3,D,31,0,0,50.0,38.0,43.142857142857146,0,3
2023-03-07,3,C,53,1,0,31.0,48.0,43.857142857142854,1,3
2023-03-07,2,D,21,0,0,53.0,35.0,41.857142857142854,1,3
2023-03-07,2,C,34,0,0,21.0,37.0,41.42857142857143,1,3
2023-03-07,1,A,19,0,0,34.0,25.0,40.57142857142857,1,3
2023-03-07,1,C,44,0,0,19.0,76.0,36.0,1,3
2023-03-07,2,A,45,0,0,44.0,50.0,35.285714285714285,1,3
2023-03-07,3,B,39,0,0,45.0,31.0,36.42857142857143,1,3
2023-03-07,3,A,22,0,0,39.0,53.0,32.0,1,3
2023-03-07,2,B,51,1,0,22.0,21.0,36.285714285714285,1,3
2023-03-07,1,D,24,0,0,51.0,34.0,34.857142857142854,1,3
2023-03-07,3,D,37,0,0,24.0,19.0,37.42857142857143,1,3
2023-03-07,1,B,44,0,0,37.0,44.0,37.42857142857143,1,3
2023-03-08,3,D,32,0,0,44.0,45.0,35.57142857142857,2,3
2023-03-08,3,B,47,1,0,32.0,39.0,36.714285714285715,2,3
2023-03-08,2,B,33,0,0,47.0,22.0,38.285714285714285,2,3
2023-03-08,2,A,68,1,0,33.0,51.0,40.714285714285715,2,3
2023-03-08,3,A,41,0,0,68.0,24.0,43.142857142857146,2,3
2023-03-08,1,D,34,0,0,41.0,37.0,42.714285714285715,2,3
2023-03-08,3,C,37,0,0,34.0,44.0,41.714285714285715,2,3
2023-03-08,2,D,24,0,0,37.0,32.0,40.57142857142857,2,3
2023-03-08,2,C,34,0,0,24.0,47.0,38.714285714285715,2,3
2023-03-08,1,A,22,0,0,34.0,33.0,37.142857142857146,2,3
2023-03-08,1,C,62,1,0,22.0,68.0,36.285714285714285,2,3
2023-03-08,1,B,48,0,0,62.0,41.0,37.285714285714285,2,3
2023-03-09,1,C,49,0,0,48.0,34.0,39.42857142857143,3,3
2023-03-09,1,D,27,0,0,49.0,37.0,38.0,3,3
2023-03-09,2,B,40,0,0,27.0,24.0,40.285714285714285,3,3
2023-03-09,3,C,33,0,0,40.0,34.0,40.142857142857146,3,3
2023-03-09,2,A,48,0,0,33.0,22.0,43.857142857142854,3,3
2023-03-09,3,B,35,0,0,48.0,62.0,40.0,3,3
2023-03-09,2,D,30,0,0,35.0,48.0,37.42857142857143,3,3
2023-03-09,3,A,36,0,0,30.0,49.0,35.57142857142857,3,3
2023-03-09,1,B,53,0,0,36.0,27.0,39.285714285714285,3,3
2023-03-09,2,C,40,0,0,53.0,40.0,39.285714285714285,3,3
2023-03-09,3,D,45,0,0,40.0,33.0,41.0,3,3
2023-03-09,1,A,22,0,0,45.0,48.0,37.285714285714285,3,3
2023-03-10,2,A,72,1,0,22.0,35.0,42.57142857142857,4,3
2023-03-10,3,C,40,0,0,72.0,30.0,44.0,4,3
2023-03-10,1,D,20,0,0,40.0,36.0,41.714285714285715,4,3
2023-03-10,2,D,32,1,0,20.0,53.0,38.714285714285715,4,3
2023-03-10,1,A,24,0,0,32.0,40.0,36.42857142857143,4,3
2023-03-10,3,B,39,0,0,24.0,45.0,35.57142857142857,4,3
2023-03-10,2,B,42,0,0,39.0,22.0,38.42857142857143,4,3
2023-03-10,3,D,35,0,0,42.0,72.0,33.142857142857146,4,3
2023-03-10,1,B,44,0,0,35.0,40.0,33.714285714285715,4,3
2023-03-10,2,C,40,0,0,44.0,20.0,36.57142857142857,4,3
2023-03-10,1,C,39,0,0,40.0,32.0,37.57142857142857,4,3
2023-03-10,3,A,32,0,0,39.0,24.0,38.714285714285715,4,3
2023-03-11,1,B,61,0,0,32.0,39.0,41.857142857142854,5,3
2023-03-11,2,B,41,0,0,61.0,42.0,41.714285714285715,5,3
2023-03-11,3,C,49,0,0,41.0,35.0,43.714285714285715,5,3
2023-03-11,1,D,43,1,0,49.0,44.0,43.57142857142857,5,3
2023-03-11,1,C,55,0,0,43.0,40.0,45.714285714285715,5,3
2023-03-11,3,A,45,0,0,55.0,39.0,46.57142857142857,5,3
2023-03-11,2,A,58,0,0,45.0,32.0,50.285714285714285,5,3
2023-03-11,3,B,55,0,0,58.0,61.0,49.42857142857143,5,3
2023-03-11,2,C,48,0,0,55.0,41.0,50.42857142857143,5,3
2023-03-11,3,D,68,1,0,48.0,49.0,53.142857142857146,5,3
2023-03-11,2,D,30,0,0,68.0,43.0,51.285714285714285,5,3
2023-03-11,1,A,34,0,0,30.0,55.0,48.285714285714285,5,3
2023-03-12,1,D,37,0,0,34.0,45.0,47.142857142857146,6,3
2023-03-12,3,D,45,0,0,37.0,58.0,45.285714285714285,6,3
2023-03-12,1,A,36,0,0,45.0,55.0,42.57142857142857,6,3
2023-03-12,3,C,50,0,0,36.0,48.0,42.857142857142854,6,3
2023-03-12,3,A,34,0,0,50.0,68.0,38.0,6,3
2023-03-12,1,C,81,1,0,34.0,30.0,45.285714285714285,6,3
2023-03-12,3,B,67,1,0,81.0,34.0,50.0,6,3
2023-03-12,2,B,38,0,0,67.0,37.0,50.142857142857146,6,3
2023-03-12,2,C,50,0,0,38.0,45.0,50.857142857142854,6,3
2023-03-12,2,D,34,0,0,50.0,36.0,50.57142857142857,6,3
2023-03-12,2,A,86,1,0,34.0,50.0,55.714285714285715,6,3
2023-03-12,1,B,70,0,0,86.0,34.0,60.857142857142854,6,3
2023-03-13,2,A,45,0,0,70.0,81.0,55.714285714285715,0,3
2023-03-13,3,C,45,1,0,45.0,67.0,52.57142857142857,0,3
2023-03-13,3,B,35,0,0,45.0,38.0,52.142857142857146,0,3
2023-03-13,1,C,69,1,0,35.0,50.0,54.857142857142854,0,3
2023-03-13,1,D,22,0,0,69.0,34.0,53.142857142857146,0,3
2023-03-13,2,D,26,0,0,22.0,86.0,44.57142857142857,0,3
2023-03-13,2,C,50,0,0,26.0,70.0,41.714285714285715,0,3
2023-03-13,3,A,35,0,0,50.0,45.0,40.285714285714285,0,3
2023-03-13,3,D,30,0,0,35.0,45.0,38.142857142857146,0,3
2023-03-13,1,A,36,0,0,30.0,35.0,38.285714285714285,0,3
2023-03-13,1,B,51,0,0,36.0,69.0,35.714285714285715,0,3
2023-03-13,2,B,44,0,0,51.0,22.0,38.857142857142854,0,3
2023-03-14,1,C,42,0,0,44.0,26.0,41.142857142857146,1,3
2023-03-14,1,A,23,0,0,42.0,50.0,37.285714285714285,1,3
2023-03-14,1,B,45,0,0,23.0,35.0,38.714285714285715,1,3
2023-03-14,2,A,51,0,0,45.0,30.0,41.714285714285715,1,3
2023-03-14,2,B,55,1,0,51.0,36.0,44.42857142857143,1,3
2023-03-14,1,D,25,0,0,55.0,51.0,40.714285714285715,1,3
2023-03-14,3,C,40,0,0,25.0,44.0,40.142857142857146,1,3
2023-03-14,2,C,38,0,0,40.0,42.0,39.57142857142857,1,3
2023-03-14,2,D,26,0,0,38.0,23.0,40.0,1,3
2023-03-14,3,D,29,0,0,26.0,45.0,37.714285714285715,1,3
2023-03-14,3,A,44,1,0,29.0,51.0,36.714285714285715,1,3
2023-03-14,3,B,36,0,0,44.0,55.0,34.0,1,3
2023-03-15,2,C,40,0,0,36.0,25.0,36.142857142857146,2,3
2023-03-15,2,D,33,1,0,40.0,40.0,35.142857142857146,2,3
2023-03-15,2,B,38,0,0,33.0,38.0,35.142857142857146,2,3
2023-03-15,1,A,27,0,0,38.0,26.0,35.285714285714285,2,3
2023-03-15,1,C,64,1,0,27.0,29.0,40.285714285714285,2,3
2023-03-15,3,B,32,0,0,64.0,44.0,38.57142857142857,2,3
2023-03-15,1,B,50,0,0,32.0,36.0,40.57142857142857,2,3
2023-03-15,1,D,23,1,0,50.0,40.0,38.142857142857146,2,3
2023-03-15,3,D,42,0,0,23.0,33.0,39.42857142857143,2,3
2023-03-15,3,C,41,0,0,42.0,38.0,39.857142857142854,2,3
2023-03-15,2,A,47,0,0,41.0,27.0,42.714285714285715,2,3
2023-03-15,3,A,29,0,0,47.0,64.0,37.714285714285715,2,3
2023-03-16,2,D,39,1,0,29.0,32.0,38.714285714285715,3,3
2023-03-16,2,C,32,0,0,39.0,50.0,36.142857142857146,3,3
2023-03-16,3,D,31,0,0,32.0,23.0,37.285714285714285,3,3
2023-03-16,2,A,37,0,0,31.0,42.0,36.57142857142857,3,3
2023-03-16,3,B,34,0,0,37.0,41.0,35.57142857142857,3,3
2023-03-16,1,B,40,0,0,34.0,47.0,34.57142857142857,3,3
2023-03-16,3,C,33,0,0,40.0,29.0,35.142857142857146,3,3
2023-03-16,1,D,25,0,0,33.0,39.0,33.142857142857146,3,3
2023-03-16,2,B,30,0,0,25.0,32.0,32.857142857142854,3,3
2023-03-16,1,C,42,0,0,30.0,31.0,34.42857142857143,3,3
2023-03-16,1,A,26,0,0,42.0,37.0,32.857142857142854,3,3
2023-03-16,3,A,24,0,0,26.0,34.0,31.428571428571427,3,3
2023-03-17,2,B,37,0,0,24.0,40.0,31.0,4,3
2023-03-17,1,D,17,0,0,37.0,33.0,28.714285714285715,4,3
2023-03-17,3,B,24,0,0,17.0,25.0,28.571428571428573,4,3
2023-03-17,2,C,33,0,0,24.0,30.0,29.0,4,3
2023-03-17,1,B,47,0,0,33.0,42.0,29.714285714285715,4,3
2023-03-17,3,C,29,0,0,47.0,26.0,30.142857142857142,4,3
2023-03-17,1,A,47,1,0,29.0,24.0,33.42857142857143,4,3
2023-03-17,3,D,33,0,0,47.0,37.0,32.857142857142854,4,3
2023-03-17,3,A,38,0,0,33.0,17.0,35.857142857142854,4,3
2023-03-17,2,A,37,0,0,38.0,24.0,37.714285714285715,4,3
2023-03-17,2,D,24,0,0,37.0,33.0,36.42857142857143,4,3
2023-03-17,1,C,47,0,0,24.0,47.0,36.42857142857143,4,3
2023-03-18,2,D,25,0,0,47.0,29.0,35.857142857142854,5,3
2023-03-18,2,B,44,0,0,25.0,47.0,35.42857142857143,5,3
2023-03-18,1,B,65,0,0,44.0,33.0,40.0,5,3
2023-03-18,3,D,46,0,0,65.0,38.0,41.142857142857146,5,3
2023-03-18,2,A,95,1,0,46.0,37.0,49.42857142857143,5,3
2023-03-18,3,C,37,0,0,95.0,24.0,51.285714285714285,5,3
2023-03-18,2,C,41,0,0,37.0,47.0,50.42857142857143,5,3
2023-03-18,1,D,25,0,0,41.0,25.0,50.42857142857143,5,3
2023-03-18,3,B,41,0,0,25.0,44.0,50.0,5,3
2023-03-18,1,C,56,0,0,41.0,65.0,48.714285714285715,5,3
2023-03-18,1,A,37,0,0,56.0,46.0,47.42857142857143,5,3
2023-03-18,3,A,41,0,0,37.0,95.0,39.714285714285715,5,3
2023-03-19,2,B,43,0,0,41.0,37.0,40.57142857142857,6,3
2023-03-19,1,D,38,0,0,43.0,41.0,40.142857142857146,6,3
2023-03-19,3,A,46,0,0,38.0,25.0,43.142857142857146,6,3
2023-03-19,3,B,47,0,0,46.0,41.0,44.0,6,3
2023-03-19,2,A,94,1,0,47.0,56.0,49.42857142857143,6,3
2023-03-19,2,D,31,0,0,94.0,37.0,48.57142857142857,6,3
2023-03-19,1,C,80,1,0,31.0,41.0,54.142857142857146,6,3
2023-03-19,2,C,48,0,0,80.0,43.0,54.857142857142854,6,3
2023-03-19,1,A,37,0,0,48.0,38.0,54.714285714285715,6,3
2023-03-19,1,B,64,0,0,37.0,46.0,57.285714285714285,6,3
2023-03-19,3,C,42,0,0,64.0,47.0,56.57142857142857,6,3
2023-03-19,3,D,46,0,0,42.0,94.0,49.714285714285715,6,3
2023-03-20,1,D,35,1,0,46.0,31.0,50.285714285714285,0,3
2023-03-20,2,D,34,1,0,35.0,80.0,43.714285714285715,0,3
2023-03-20,2,B,33,0,0,34.0,48.0,41.57142857142857,0,3
2023-03-20,3,A,32,0,0,33.0,37.0,40.857142857142854,0,3
2023-03-20,1,B,75,1,0,32.0,64.0,42.42857142857143,0,3
2023-03-20,2,A,50,0,0,75.0,42.0,43.57142857142857,0,3
2023-03-20,1,C,38,0,0,50.0,46.0,42.42857142857143,0,3
2023-03-20,1,A,31,0,0,38.0,35.0,41.857142857142854,0,3
2023-03-20,3,B,29,0,0,31.0,34.0,41.142857142857146,0,3
2023-03-20,3,D,36,0,0,29.0,33.0,41.57142857142857,0,3
2023-03-20,2,C,36,0,0,36.0,32.0,42.142857142857146,0,3
2023-03-20,3,C,35,0,0,36.0,75.0,36.42857142857143,0,3
2023-03-21,2,C,28,0,0,35.0,50.0,33.285714285714285,1,3
2023-03-21,1,A,29,0,0,28.0,38.0,32.0,1,3
2023-03-21,2,D,13,0,0,29.0,31.0,29.428571428571427,1,3
2023-03-21,2,A,53,0,0,13.0,29.0,32.857142857142854,1,3
2023-03-21,1,D,23,0,0,53.0,36.0,31.0,1,3
2023-03-21,2,B,35,0,0,23.0,36.0,30.857142857142858,1,3
2023-03-21,1,C,45,0,0,35.0,35.0,32.285714285714285,1,3
2023-03-21,1,B,52,0,0,45.0,28.0,35.714285714285715,1,3
2023-03-21,3,A,44,1,0,52.0,29.0,37.857142857142854,1,3
2023-03-21,3,B,38,0,0,44.0,13.0,41.42857142857143,1,3
2023-03-21,3,D,56,1,0,38.0,53.0,41.857142857142854,1,3
2023-03-21,3,C,53,1,0,56.0,23.0,46.142857142857146,1,3
2023-03-22,3,B,25,0,0,53.0,35.0,44.714285714285715,2,3
2023-03-22,1,B,50,0,0,25.0,45.0,45.42857142857143,2,3
2023-03-22,1,A,31,0,0,50.0,52.0,42.42857142857143,2,3
2023-03-22,3,A,31,0,0,31.0,44.0,40.57142857142857,2,3
2023-03-22,2,B,57,1,0,31.0,38.0,43.285714285714285,2,3
2023-03-22,3,D,60,1,0,57.0,56.0,43.857142857142854,2,3
2023-03-22,1,C,39,0,0,60.0,53.0,41.857142857142854,2,3
2023-03-22,1,D,48,1,0,39.0,25.0,45.142857142857146,2,3
2023-03-22,2,C,37,0,0,48.0,50.0,43.285714285714285,2,3
2023-03-22,2,D,34,0,0,37.0,31.0,43.714285714285715,2,3
2023-03-22,3,C,48,1,0,34.0,31.0,46.142857142857146,2,3
2023-03-22,2,A,49,0,0,48.0,57.0,45.0,2,3
2023-03-23,1,A,30,0,0,49.0,60.0,40.714285714285715,3,3
2023-03-23,3,A,43,1,0,30.0,39.0,41.285714285714285,3,3
2023-03-23,2,D,24,0,0,43.0,48.0,37.857142857142854,3,3
2023-03-23,3,B,38,0,0,24.0,37.0,38.0,3,3
2023-03-23,3,D,35,0,0,38.0,34.0,38.142857142857146,3,3
2023-03-23,3,C,29,0,0,35.0,48.0,35.42857142857143,3,3
2023-03-23,2,B,44,0,0,29.0,49.0,34.714285714285715,3,3
2023-03-23,1,C,44,0,0,44.0,30.0,36.714285714285715,3,3
2023-03-23,1,D,29,0,0,44.0,43.0,34.714285714285715,3,3
2023-03-23,2,C,38,0,0,29.0,24.0,36.714285714285715,3,3
2023-03-23,2,A,43,0,0,38.0,38.0,37.42857142857143,3,3
2023-03-23,1,B,50,0,0,43.0,35.0,39.57142857142857,3,3
2023-03-24,2,B,48,1,0,50.0,29.0,42.285714285714285,4,3
2023-03-24,3,D,27,0,0,48.0,44.0,39.857142857142854,4,3
2023-03-24,1,C,38,0,0,27.0,44.0,39.0,4,3
2023-03-24,2,A,48,0,0,38.0,29.0,41.714285714285715,4,3
2023-03-24,3,A,34,0,0,48.0,38.0,41.142857142857146,4,3
2023-03-24,2,C,60,1,0,34.0,43.0,43.57142857142857,4,3
2023-03-24,3,C,46,0,0,60.0,50.0,43.0,4,3
2023-03-24,1,A,26,0,0,46.0,48.0,39.857142857142854,4,3
2023-03-24,1,B,49,0,0,26.0,27.0,43.0,4,3
2023-03-24,1,D,33,0,0,49.0,38.0,42.285714285714285,4,3
2023-03-24,3,B,38,0,0,33.0,48.0,40.857142857142854,4,3
2023-03-24,2,D,34,0,0,38.0,34.0,40.857142857142854,4,3
2023-03-25,3,D,49,0,0,34.0,60.0,39.285714285714285,5,3
2023-03-25,3,A,63,1,0,49.0,46.0,41.714285714285715,5,3
2023-03-25,1,D,39,0,0,63.0,26.0,43.57142857142857,5,3
2023-03-25,1,C,55,0,0,39.0,49.0,44.42857142857143,5,3
2023-03-25,2,D,33,0,0,55.0,33.0,44.42857142857143,5,3
2023-03-25,2,A,62,0,0,33.0,38.0,47.857142857142854,5,3
2023-03-25,1,A,38,0,0,62.0,34.0,48.42857142857143,5,3
2023-03-25,1,B,57,0,0,38.0,49.0,49.57142857142857,5,3
2023-03-25,2,B,44,0,0,57.0,63.0,46.857142857142854,5,3
2023-03-25,2,C,45,0,0,44.0,39.0,47.714285714285715,5,3
2023-03-25,3,B,55,0,0,45.0,55.0,47.714285714285715,5,3
2023-03-25,3,C,74,1,0,55.0,33.0,53.57142857142857,5,3
2023-03-26,1,A,58,1,0,74.0,62.0,53.0,6,3
2023-03-26,1,C,85,1,0,58.0,38.0,59.714285714285715,6,3
2023-03-26,2,B,43,0,0,85.0,57.0,57.714285714285715,6,3
2023-03-26,2,A,66,0,0,43.0,44.0,60.857142857142854,6,3
2023-03-26,3,C,51,0,0,66.0,45.0,61.714285714285715,6,3
2023-03-26,1,B,99,1,0,51.0,55.0,68.0,6,3
2023-03-26,1,D,36,0,0,99.0,74.0,62.57142857142857,6,3
2023-03-26,3,B,43,0,0,36.0,58.0,60.42857142857143,6,3
2023-03-26,3,A,36,0,0,43.0,85.0,53.42857142857143,6,3
2023-03-26,2,D,26,0,0,36.0,43.0,51.0,6,3
2023-03-26,3,D,69,1,0,26.0,66.0,51.42857142857143,6,3
2023-03-26,2,C,51,0,0,69.0,51.0,51.42857142857143,6,3
2023-03-27,2,C,39,0,0,51.0,99.0,42.857142857142854,0,3
2023-03-27,1,B,72,1,0,39.0,36.0,48.0,0,3
2023-03-27,3,B,34,0,0,72.0,43.0,46.714285714285715,0,3
2023-03-27,3,A,35,0,0,34.0,36.0,46.57142857142857,0,3
2023-03-27,1,A,31,0,0,35.0,26.0,47.285714285714285,0,3
2023-03-27,3,D,52,1,0,31.0,69.0,44.857142857142854,0,3
2023-03-27,1,C,54,0,0,52.0,51.0,45.285714285714285,0,3
2023-03-27,2,A,56,0,0,54.0,39.0,47.714285714285715,0,3
2023-03-27,2,D,30,1,0,56.0,72.0,41.714285714285715,0,3
2023-03-27,2,B,52,1,0,30.0,34.0,44.285714285714285,0,3
2023-03-27,3,C,38,0,0,52.0,35.0,44.714285714285715,0,3
2023-03-27,1,D,32,0,0,38.0,31.0,44.857142857142854,0,3
2023-03-28,2,C,39,0,0,32.0,52.0,43.0,1,3
2023-03-28,3,D,33,0,0,39.0,54.0,40.0,1,3
2023-03-28,2,A,67,1,0,33.0,56.0,41.57142857142857,1,3
2023-03-28,2,D,37,1,0,67.0,30.0,42.57142857142857,1,3
2023-03-28,3,A,35,0,0,37.0,52.0,40.142857142857146,1,3
2023-03-28,1,A,22,0,0,35.0,38.0,37.857142857142854,1,3
2023-03-28,3,B,42,0,0,22.0,32.0,39.285714285714285,1,3
2023-03-28,1,D,21,0,0,42.0,39.0,36.714285714285715,1,3
2023-03-28,1,B,75,1,0,21.0,33.0,42.714285714285715,1,3
2023-03-28,1,C,59,1,0,75.0,67.0,41.57142857142857,1,3
2023-03-28,2,B,20,0,0,59.0,37.0,39.142857142857146,1,3
2023-03-28,3,C,34,0,0,20.0,35.0,39.0,1,3
2023-03-29,3,A,29,0,0,34.0,22.0,40.0,2,3
2023-03-29,2,A,79,1,0,29.0,42.0,45.285714285714285,2,3
2023-03-29,1,C,71,1,0,79.0,21.0,52.42857142857143,2,3
2023-03-29,2,B,49,1,0,71.0,75.0,48.714285714285715,2,3
2023-03-29,2,D,25,0,0,49.0,59.0,43.857142857142854,2,3
2023-03-29,3,B,41,0,0,25.0,20.0,46.857142857142854,2,3
2023-03-29,3,D,61,1,0,41.0,34.0,50.714285714285715,2,3
2023-03-29,1,A,30,0,0,61.0,29.0,50.857142857142854,2,3
2023-03-29,1,B,77,1,0,30.0,79.0,50.57142857142857,2,3
2023-03-29,3,C,58,1,0,77.0,71.0,48.714285714285715,2,3
2023-03-29,2,C,32,0,0,58.0,49.0,46.285714285714285,2,3
2023-03-29,1,D,33,1,0,32.0,25.0,47.42857142857143,2,3
2023-03-30,1,D,18,0,0,33.0,41.0,44.142857142857146,3,3
2023-03-30,1,A,32,1,0,18.0,61.0,40.0,3,3
2023-03-30,2,D,20,0,0,32.0,30.0,38.57142857142857,3,3
2023-03-30,2,B,60,1,0,20.0,77.0,36.142857142857146,3,3
2023-03-30,3,A,30,0,0,60.0,58.0,32.142857142857146,3,3
2023-03-30,3,C,34,0,0,30.0,32.0,32.42857142857143,3,3
2023-03-30,1,B,45,0,0,34.0,33.0,34.142857142857146,3,3
2023-03-30,1,C,54,0,0,45.0,18.0,39.285714285714285,3,3
2023-03-30,2,C,36,0,0,54.0,32.0,39.857142857142854,3,3
2023-03-30,3,B,57,1,0,36.0,20.0,45.142857142857146,3,3
2023-03-30,3,D,35,0,0,57.0,60.0,41.57142857142857,3,3
2023-03-30,2,A,71,1,0,35.0,30.0,47.42857142857143,3,3
2023-03-31,2,A,46,0,0,71.0,34.0,49.142857142857146,4,3
2023-03-31,1,C,47,0,0,46.0,45.0,49.42857142857143,4,3
2023-03-31,2,D,20,1,0,47.0,54.0,44.57142857142857,4,3
2023-03-31,3,D,31,0,0,20.0,36.0,43.857142857142854,4,3
2023-03-31,2,C,42,0,0,31.0,57.0,41.714285714285715,4,3
2023-03-31,3,C,30,0,0,42.0,35.0,41.0,4,3
2023-03-31,1,A,41,1,0,30.0,71.0,36.714285714285715,4,3
2023-03-31,3,B,36,0,0,41.0,46.0,35.285714285714285,4,3
2023-03-31,2,B,46,1,0,36.0,47.0,35.142857142857146,4,3
2023-03-31,1,B,46,0,0,46.0,20.0,38.857142857142854,4,3
2023-03-31,3,A,34,0,0,46.0,31.0,39.285714285714285,4,3
2023-03-31,1,D,16,0,0,34.0,42.0,35.57142857142857,4,3
2023-04-01,3,D,48,0,0,16.0,30.0,38.142857142857146,5,4
2023-04-01,3,C,41,0,0,48.0,41.0,38.142857142857146,5,4
2023-04-01,2,B,41,0,0,41.0,36.0,38.857142857142854,5,4
2023-04-01,1,C,87,1,0,41.0,46.0,44.714285714285715,5,4
2023-04-01,3,B,75,1,0,87.0,46.0,48.857142857142854,5,4
2023-04-01,1,B,61,0,0,75.0,34.0,52.714285714285715,5,4
2023-04-01,2,A,70,0,0,61.0,16.0,60.42857142857143,5,4
2023-04-01,3,A,34,0,0,70.0,48.0,58.42857142857143,5,4
2023-04-01,1,D,49,1,0,34.0,41.0,59.57142857142857,5,4
2023-04-01,1,A,58,1,0,49.0,41.0,62.0,5,4
2023-04-01,2,D,32,0,0,58.0,87.0,54.142857142857146,5,4
2023-04-01,2,C,52,0,0,32.0,75.0,50.857142857142854,5,4
2023-04-02,2,C,40,0,0,52.0,61.0,47.857142857142854,6,4
2023-04-02,3,D,53,0,0,40.0,70.0,45.42857142857143,6,4
2023-04-02,3,A,45,0,0,53.0,34.0,47.0,6,4
2023-04-02,3,C,44,0,0,45.0,49.0,46.285714285714285,6,4
2023-04-02,2,B,40,0,0,44.0,58.0,43.714285714285715,6,4
2023-04-02,1,D,25,0,0,40.0,32.0,42.714285714285715,6,4
2023-04-02,2,D,41,0,0,25.0,52.0,41.142857142857146,6,4
2023-04-02,3,B,58,0,0,41.0,40.0,43.714285714285715,6,4
2023-04-02,1,C,65,0,0,58.0,53.0,45.42857142857143,6,4
2023-04-02,2,A,101,1,0,65.0,45.0,53.42857142857143,6,4
2023-04-02,1,A,36,0,0,101.0,44.0,52.285714285714285,6,4
2023-04-02,1,B,69,0,0,36.0,40.0,56.42857142857143,6,4
2023-04-03,1,A,31,0,0,69.0,25.0,57.285714285714285,0,4
2023-04-03,1,B,43,0,0,31.0,41.0,57.57142857142857,0,4
2023-04-03,3,D,30,0,0,43.0,58.0,53.57142857142857,0,4
2023-04-03,1,D,19,0,0,30.0,65.0,47.0,0,4
2023-04-03,1,C,49,0,0,19.0,101.0,39.57142857142857,0,4
2023-04-03,3,B,37,0,0,49.0,36.0,39.714285714285715,0,4
2023-04-03,2,C,40,0,0,37.0,69.0,35.57142857142857,0,4
2023-04-03,2,B,32,0,0,40.0,31.0,35.714285714285715,0,4
2023-04-03,3,C,31,0,0,32.0,43.0,34.0,0,4
2023-04-03,2,A,46,0,0,31.0,30.0,36.285714285714285,0,4
2023-04-03,2,D,34,0,0,46.0,19.0,38.42857142857143,0,4
2023-04-03,3,A,36,0,0,34.0,49.0,36.57142857142857,0,4
2023-04-04,3,A,35,0,0,36.0,37.0,36.285714285714285,1,4
2023-04-04,3,B,52,1,0,35.0,40.0,38.0,1,4
2023-04-04,2,C,50,1,0,52.0,32.0,40.57142857142857,1,4
2023-04-04,2,B,44,1,0,50.0,31.0,42.42857142857143,1,4
2023-04-04,3,C,37,0,0,44.0,46.0,41.142857142857146,1,4
2023-04-04,1,B,55,0,0,37.0,34.0,44.142857142857146,1,4
2023-04-04,1,D,24,0,0,55.0,36.0,42.42857142857143,1,4
2023-04-04,2,D,27,0,0,24.0,35.0,41.285714285714285,1,4
2023-04-04,2,A,44,0,0,27.0,52.0,40.142857142857146,1,4
2023-04-04,1,A,43,1,0,44.0,50.0,39.142857142857146,1,4
2023-04-04,1,C,40,0,0,43.0,44.0,38.57142857142857,1,4
2023-04-04,3,D,43,0,0,40.0,37.0,39.42857142857143,1,4
2023-04-05,2,D,22,0,0,43.0,55.0,34.714285714285715,2,4
2023-04-05,3,C,23,0,0,22.0,24.0,34.57142857142857,2,4
2023-04-05,2,B,31,0,0,23.0,27.0,35.142857142857146,2,4
2023-04-05,2,A,52,0,0,31.0,44.0,36.285714285714285,2,4
2023-04-05,1,C,41,0,0,52.0,43.0,36.0,2,4
2023-04-05,3,D,29,0,0,41.0,40.0,34.42857142857143,2,4
2023-04-05,3,B,38,0,0,29.0,43.0,33.714285714285715,2,4
2023-04-05,1,D,12,0,0,38.0,22.0,32.285714285714285,2,4
2023-04-05,1,B,49,0,0,12.0,23.0,36.0,2,4
2023-04-05,2,C,47,1,0,49.0,31.0,38.285714285714285,2,4
2023-04-05,1,A,31,0,0,47.0,52.0,35.285714285714285,2,4
2023-04-05,3,A,29,0,0,31.0,41.0,33.57142857142857,2,4
2023-04-06,1,B,49,0,0,29.0,29.0,36.42857142857143,3,4
2023-04-06,2,C,35,0,0,49.0,38.0,36.0,3,4
2023-04-06,1,A,36,0,0,35.0,12.0,39.42857142857143,3,4
2023-04-06,1,C,45,0,0,36.0,49.0,38.857142857142854,3,4
2023-04-06,2,B,35,0,0,45.0,47.0,37.142857142857146,3,4
2023-04-06,2,D,25,0,0,35.0,31.0,36.285714285714285,3,4
2023-04-06,3,D,37,0,0,25.0,29.0,37.42857142857143,3,4
2023-04-06,3,B,35,0,0,37.0,49.0,35.42857142857143,3,4
2023-04-06,3,C,39,0,0,35.0,35.0,36.0,3,4
2023-04-06,1,D,24,0,0,39.0,36.0,34.285714285714285,3,4
2023-04-06,3,A,35,0,0,24.0,45.0,32.857142857142854,3,4
2023-04-06,2,A,49,0,0,35.0,35.0,34.857142857142854,3,4
2023-04-07,3,B,33,0,0,49.0,25.0,36.0,4,4
2023-04-07,1,B,52,0,0,33.0,37.0,38.142857142857146,4,4
2023-04-07,1,A,40,1,0,52.0,35.0,38.857142857142854,4,4
2023-04-07,2,B,35,0,0,40.0,39.0,38.285714285714285,4,4
2023-04-07,3,C,52,1,0,35.0,24.0,42.285714285714285,4,4
2023-04-07,2,D,20,0,0,52.0,35.0,40.142857142857146,4,4
2023-04-07,2,C,57,1,0,20.0,49.0,41.285714285714285,4,4
2023-04-07,3,D,40,0,0,57.0,33.0,42.285714285714285,4,4
2023-04-07,3,A,30,0,0,40.0,52.0,39.142857142857146,4,4
2023-04-07,1,D,25,0,0,30.0,40.0,37.0,4,4
2023-04-07,2,A,46,0,0,25.0,35.0,38.57142857142857,4,4
2023-04-07,1,C,44,0,0,46.0,52.0,37.42857142857143,4,4
2023-04-08,3,C,42,0,0,44.0,20.0,40.57142857142857,5,4
2023-04-08,1,B,63,0,0,42.0,57.0,41.42857142857143,5,4
2023-04-08,3,D,43,0,0,63.0,40.0,41.857142857142854,5,4
2023-04-08,3,B,49,0,0,43.0,30.0,44.57142857142857,5,4
2023-04-08,1,A,25,0,0,49.0,25.0,44.57142857142857,5,4
2023-04-08,1,C,60,0,0,25.0,46.0,46.57142857142857,5,4
2023-04-08,2,C,50,0,0,60.0,44.0,47.42857142857143,5,4
2023-04-08,2,B,45,0,0,50.0,42.0,47.857142857142854,5,4
2023-04-08,1,D,59,1,0,45.0,63.0,47.285714285714285,5,4
2023-04-08,2,D,34,0,0,59.0,43.0,46.0,5,4
2023-04-08,3,A,46,0,0,34.0,49.0,45.57142857142857,5,4
2023-04-08,2,A,69,0,0,46.0,25.0,51.857142857142854,5,4
2023-04-09,3,A,36,0,0,69.0,60.0,48.42857142857143,6,4
2023-04-09,2,A,62,0,0,36.0,50.0,50.142857142857146,6,4
2023-04-09,1,C,64,0,0,62.0,45.0,52.857142857142854,6,4
2023-04-09,3,D,64,1,0,64.0,59.0,53.57142857142857,6,4
2023-04-09,1,A,46,1,0,64.0,34.0,55.285714285714285,6,4
2023-04-09,2,D,25,0,0,46.0,46.0,52.285714285714285,6,4
2023-04-09,1,D,33,0,0,25.0,69.0,47.142857142857146,6,4
2023-04-09,3,B,42,0,0,33.0,36.0,48.0,6,4
2023-04-09,2,C,40,0,0,42.0,62.0,44.857142857142854,6,4
2023-04-09,2,B,72,1,0,40.0,64.0,46.0,6,4
2023-04-09,1,B,99,1,0,72.0,64.0,51.0,6,4
2023-04-09,3,C,45,0,0,99.0,46.0,50.857142857142854,6,4
2023-04-10,1,C,41,0,0,45.0,25.0,53.142857142857146,0,4
2023-04-10,2,A,44,0,0,41.0,33.0,54.714285714285715,0,4
2023-04-10,2,C,32,0,0,44.0,42.0,53.285714285714285,0,4
2023-04-10,3,B,55,1,0,32.0,40.0,55.42857142857143,0,4
2023-04-10,2,B,36,0,0,55.0,72.0,50.285714285714285,0,4
2023-04-10,1,A,27,0,0,36.0,99.0,40.0,0,4
2023-04-10,3,D,34,0,0,27.0,45.0,38.42857142857143,0,4
2023-04-10,1,B,45,0,0,34.0,41.0,39.0,0,4
2023-04-10,2,D,25,0,0,45.0,44.0,36.285714285714285,0,4
2023-04-10,3,C,34,0,0,25.0,32.0,36.57142857142857,0,4
2023-04-10,1,D,25,0,0,34.0,55.0,32.285714285714285,0,4
2023-04-10,3,A,32,0,0,25.0,36.0,31.714285714285715,0,4
2023-04-11,2,D,29,0,0,32.0,27.0,32.0,1,4
2023-04-11,3,C,58,1,0,29.0,34.0,35.42857142857143,1,4
2023-04-11,2,A,75,1,0,58.0,45.0,39.714285714285715,1,4
2023-04-11,1,C,45,0,0,75.0,25.0,42.57142857142857,1,4
2023-04-11,2,B,40,0,0,45.0,34.0,43.42857142857143,1,4
2023-04-11,1,A,22,0,0,40.0,25.0,43.0,1,4
2023-04-11,1,B,55,0,0,22.0,32.0,46.285714285714285,1,4
2023-04-11,3,B,44,1,0,55.0,29.0,48.42857142857143,1,4
2023-04-11,3,A,25,0,0,44.0,58.0,43.714285714285715,1,4
2023-04-11,1,D,45,1,0,25.0,75.0,39.42857142857143,1,4
2023-04-11,2,C,45,0,0,45.0,45.0,39.42857142857143,1,4
2023-04-11,3,D,43,0,0,45.0,40.0,39.857142857142854,1,4
2023-04-12,2,A,42,0,0,43.0,22.0,42.714285714285715,2,4
2023-04-12,2,D,26,0,0,42.0,55.0,38.57142857142857,2,4
2023-04-12,1,D,24,0,0,26.0,44.0,35.714285714285715,2,4
2023-04-12,2,C,30,0,0,24.0,25.0,36.42857142857143,2,4
2023-04-12,2,B,62,1,0,30.0,45.0,38.857142857142854,2,4
2023-04-12,1,B,46,0,0,62.0,45.0,39.0,2,4
2023-04-12,3,B,43,0,0,46.0,43.0,39.0,2,4
2023-04-12,3,C,60,1,0,43.0,42.0,41.57142857142857,2,4
2023-04-12,1,A,32,0,0,60.0,26.0,42.42857142857143,2,4
2023-04-12,3,D,38,0,0,32.0,24.0,44.42857142857143,2,4
2023-04-12,3,A,44,1,0,38.0,30.0,46.42857142857143,2,4
2023-04-12,1,C,62,1,0,44.0,62.0,46.42857142857143,2,4
2023-04-13,2,C,33,0,0,62.0,46.0,44.57142857142857,3,4
2023-04-13,3,D,47,1,0,33.0,43.0,45.142857142857146,3,4
2023-04-13,3,A,44,1,0,47.0,60.0,42.857142857142854,3,4
2023-04-13,2,D,20,0,0,44.0,32.0,41.142857142857146,3,4
2023-04-13,2,B,38,0,0,20.0,38.0,41.142857142857146,3,4
2023-04-13,2,A,46,0,0,38.0,44.0,41.42857142857143,3,4
2023-04-13,1,B,55,0,0,46.0,62.0,40.42857142857143,3,4
2023-04-13,3,C,37,0,0,55.0,33.0,41.0,3,4
2023-04-13,1,D,26,0,0,37.0,47.0,38.0,3,4
2023-04-13,1,A,20,0,0,26.0,44.0,34.57142857142857,3,4
2023-04-13,3,B,31,0,0,20.0,20.0,36.142857142857146,3,4
2023-04-13,1,C,45,0,0,31.0,38.0,37.142857142857146,3,4
2023-04-14,3,D,45,0,0,45.0,46.0,37.0,4,4
2023-04-14,1,D,30,0,0,45.0,55.0,33.42857142857143,4,4
2023-04-14,1,A,31,0,0,30.0,37.0,32.57142857142857,4,4
2023-04-14,3,A,28,0,0,31.0,26.0,32.857142857142854,4,4
2023-04-14,1,C,60,1,0,28.0,20.0,38.57142857142857,4,4
2023-04-14,2,C,41,1,0,60.0,31.0,40.0,4,4
2023-04-14,3,B,28,0,0,41.0,45.0,37.57142857142857,4,4
2023-04-14,2,D,31,0,0,28.0,45.0,35.57142857142857,4,4
2023-04-14,1,B,46,0,0,31.0,30.0,37.857142857142854,4,4
2023-04-14,2,A,54,0,0,46.0,31.0,41.142857142857146,4,4
2023-04-14,2,B,27,0,0,54.0,28.0,41.0,4,4
2023-04-14,3,C,41,0,0,27.0,60.0,38.285714285714285,4,4
2023-04-15,1,A,58,1,0,41.0,41.0,40.714285714285715,5,4
2023-04-15,3,B,52,0,0,58.0,28.0,44.142857142857146,5,4
2023-04-15,3,D,44,0,0,52.0,31.0,46.0,5,4
2023-04-15,1,C,55,0,0,44.0,46.0,47.285714285714285,5,4
2023-04-15,3,C,72,1,0,55.0,54.0,49.857142857142854,5,4
2023-04-15,2,A,64,0,0,72.0,27.0,55.142857142857146,5,4
2023-04-15,2,D,47,1,0,64.0,41.0,56.0,5,4
2023-04-15,3,A,37,0,0,47.0,58.0,53.0,5,4
2023-04-15,1,D,29,0,0,37.0,52.0,49.714285714285715,5,4
2023-04-15,1,B,61,0,0,29.0,44.0,52.142857142857146,5,4
2023-04-15,2,C,57,0,0,61.0,55.0,52.42857142857143,5,4
2023-04-15,2,B,45,0,0,57.0,72.0,48.57142857142857,5,4
2023-04-16,2,D,31,0,0,45.0,64.0,43.857142857142854,6,4
2023-04-16,1,C,60,0,0,31.0,47.0,45.714285714285715,6,4
2023-04-16,2,C,42,0,0,60.0,37.0,46.42857142857143,6,4
2023-04-16,3,C,48,0,0,42.0,29.0,49.142857142857146,6,4
2023-04-16,1,B,58,0,0,48.0,61.0,48.714285714285715,6,4
2023-04-16,2,A,64,0,0,58.0,57.0,49.714285714285715,6,4
2023-04-16,3,B,53,0,0,64.0,45.0,50.857142857142854,6,4
2023-04-16,3,A,38,0,0,53.0,31.0,51.857142857142854,6,4
2023-04-16,3,D,72,1,0,38.0,60.0,53.57142857142857,6,4
2023-04-16,2,B,44,0,0,72.0,42.0,53.857142857142854,6,4
2023-04-16,1,D,37,0,0,44.0,48.0,52.285714285714285,6,4
2023-04-16,1,A,35,0,0,37.0,58.0,49.0,6,4
2023-04-17,2,B,41,0,0,35.0,64.0,45.714285714285715,0,4
2023-04-17,2,A,70,1,0,41.0,53.0,48.142857142857146,0,4
2023-04-17,3,C,53,1,0,70.0,38.0,50.285714285714285,0,4
2023-04-17,3,A,27,0,0,53.0,72.0,43.857142857142854,0,4
2023-04-17,3,B,36,0,0,27.0,44.0,42.714285714285715,0,4
2023-04-17,2,C,32,0,0,36.0,37.0,42.0,0,4
2023-04-17,3,D,58,1,0,32.0,35.0,45.285714285714285,0,4
2023-04-17,1,A,34,0,0,58.0,41.0,44.285714285714285,0,4
2023-04-17,2,D,27,0,0,34.0,70.0,38.142857142857146,0,4
2023-04-17,1,D,31,1,0,27.0,53.0,35.0,0,4
2023-04-17,1,C,60,1,0,31.0,27.0,39.714285714285715,0,4
2023-04-17,1,B,44,0,0,60.0,36.0,40.857142857142854,0,4
2023-04-18,3,C,37,0,0,44.0,32.0,41.57142857142857,1,4
2023-04-18,2,A,71,1,0,37.0,58.0,43.42857142857143,1,4
2023-04-18,1,A,47,1,0,71.0,34.0,45.285714285714285,1,4
2023-04-18,3,D,40,0,0,47.0,27.0,47.142857142857146,1,4
2023-04-18,1,D,41,1,0,40.0,31.0,48.57142857142857,1,4
2023-04-18,2,B,33,0,0,41.0,60.0,44.714285714285715,1,4
2023-04-18,3,B,51,1,0,33.0,44.0,45.714285714285715,1,4
2023-04-18,3,A,37,0,0,51.0,37.0,45.714285714285715,1,4
2023-04-18,1,B,48,0,0,37.0,71.0,42.42857142857143,1,4
2023-04-18,2,D,20,1,0,48.0,47.0,38.57142857142857,1,4
2023-04-18,1,C,49,0,0,20.0,40.0,39.857142857142854,1,4
2023-04-18,2,C,28,0,0,49.0,41.0,38.0,1,4
2023-04-19,3,D,34,0,0,28.0,33.0,38.142857142857146,2,4
2023-04-19,1,B,49,0,0,34.0,51.0,37.857142857142854,2,4
2023-04-19,3,A,25,0,0,49.0,37.0,36.142857142857146,2,4
2023-04-19,2,A,43,0,0,25.0,48.0,35.42857142857143,2,4
2023-04-19,3,C,36,0,0,43.0,20.0,37.714285714285715,2,4
2023-04-19,2,B,29,0,0,36.0,49.0,34.857142857142854,2,4
2023-04-19,1,A,41,0,0,29.0,28.0,36.714285714285715,2,4
2023-04-19,1,D,28,0,0,41.0,34.0,35.857142857142854,2,4
2023-04-19,3,B,33,0,0,28.0,49.0,33.57142857142857,2,4
2023-04-19,2,D,20,0,0,33.0,25.0,32.857142857142854,2,4
2023-04-19,2,C,36,0,0,20.0,43.0,31.857142857142858,2,4
2023-04-19,1,C,74,1,0,36.0,36.0,37.285714285714285,2,4
2023-04-20,2,D,34,1,0,74.0,29.0,38.0,3,4
2023-04-20,3,D,38,0,0,34.0,41.0,37.57142857142857,3,4
2023-04-20,1,C,49,0,0,38.0,28.0,40.57142857142857,3,4
2023-04-20,2,C,35,0,0,49.0,33.0,40.857142857142854,3,4
2023-04-20,1,B,53,0,0,35.0,20.0,45.57142857142857,3,4
2023-04-20,3,C,36,0,0,53.0,36.0,45.57142857142857,3,4
2023-04-20,2,A,50,0,0,36.0,74.0,42.142857142857146,3,4
2023-04-20,1,D,23,0,0,50.0,34.0,40.57142857142857,3,4
2023-04-20,2,B,31,0,0,23.0,38.0,39.57142857142857,3,4
2023-04-20,3,A,31,0,0,31.0,49.0,37.0,3,4
2023-04-20,3,B,36,0,0,31.0,35.0,37.142857142857146,3,4
2023-04-20,1,A,27,0,0,36.0,53.0,33.42857142857143,3,4
2023-04-21,2,A,43,0,0,27.0,36.0,34.42857142857143,4,4
2023-04-21,2,B,27,0,0,43.0,50.0,31.142857142857142,4,4
2023-04-21,3,A,32,0,0,27.0,23.0,32.42857142857143,4,4
2023-04-21,3,B,34,0,0,32.0,31.0,32.857142857142854,4,4
2023-04-21,2,D,30,0,0,34.0,31.0,32.714285714285715,4,4
2023-04-21,1,D,24,0,0,30.0,36.0,31.0,4,4
2023-04-21,2,C,44,0,0,24.0,27.0,33.42857142857143,4,4
2023-04-21,3,D,38,0,0,44.0,43.0,32.714285714285715,4,4
2023-04-21,1,A,27,0,0,38.0,27.0,32.714285714285715,4,4
2023-04-21,1,C,50,0,0,27.0,32.0,35.285714285714285,4,4
2023-04-21,1,B,72,1,0,50.0,34.0,40.714285714285715,4,4
2023-04-21,3,C,40,0,0,72.0,30.0,42.142857142857146,4,4
2023-04-22,3,D,71,1,0,40.0,24.0,48.857142857142854,5,4
2023-04-22,3,B,67,1,0,71.0,44.0,52.142857142857146,5,4
2023-04-22,2,B,29,0,0,67.0,38.0,50.857142857142854,5,4
2023-04-22,3,A,58,1,0,29.0,27.0,55.285714285714285,5,4
2023-04-22,2,A,57,0,0,58.0,50.0,56.285714285714285,5,4
2023-04-22,1,C,87,1,0,57.0,72.0,58.42857142857143,5,4
2023-04-22,3,C,40,0,0,87.0,40.0,58.42857142857143,5,4
2023-04-22,1,B,57,0,0,40.0,71.0,56.42857142857143,5,4
2023-04-22,2,D,24,0,0,57.0,67.0,50.285714285714285,5,4
2023-04-22,1,A,36,0,0,24.0,29.0,51.285714285714285,5,4
2023-04-22,2,C,79,1,0,36.0,58.0,54.285714285714285,5,4
2023-04-22,1,D,41,0,0,79.0,57.0,52.0,5,4
2023-04-23,2,A,62,0,0,41.0,87.0,48.42857142857143,6,4
2023-04-23,1,B,97,1,0,62.0,40.0,56.57142857142857,6,4
2023-04-23,2,B,54,0,0,97.0,57.0,56.142857142857146,6,4
2023-04-23,1,C,90,1,0,54.0,24.0,65.57142857142857,6,4
2023-04-23,1,A,56,1,0,90.0,36.0,68.42857142857143,6,4
2023-04-23,2,C,58,0,0,56.0,79.0,65.42857142857143,6,4
2023-04-23,3,C,75,1,0,58.0,41.0,70.28571428571429,6,4
2023-04-23,3,D,80,1,0,75.0,62.0,72.85714285714286,6,4
2023-04-23,2,D,33,0,0,80.0,97.0,63.714285714285715,6,4
2023-04-23,3,B,63,1,0,33.0,54.0,65.0,6,4
2023-04-23,1,D,32,0,0,63.0,90.0,56.714285714285715,6,4
2023-04-23,3,A,41,0,0,32.0,56.0,54.57142857142857,6,4
2023-04-24,3,A,38,0,0,41.0,58.0,51.714285714285715,0,4
2023-04-24,2,A,78,1,0,38.0,75.0,52.142857142857146,0,4
2023-04-24,1,A,17,0,0,78.0,80.0,43.142857142857146,0,4
2023-04-24,1,B,49,0,0,17.0,33.0,45.42857142857143,0,4
2023-04-24,2,D,20,0,0,49.0,63.0,39.285714285714285,0,4
2023-04-24,1,D,28,0,0,20.0,32.0,38.714285714285715,0,4
2023-04-24,2,C,40,0,0,28.0,41.0,38.57142857142857,0,4
2023-04-24,3,C,39,0,0,40.0,38.0,38.714285714285715,0,4
2023-04-24,3,D,33,0,0,39.0,78.0,32.285714285714285,0,4
2023-04-24,2,B,51,1,0,33.0,17.0,37.142857142857146,0,4
2023-04-24,1,C,50,0,0,51.0,49.0,37.285714285714285,0,4
2023-04-24,3,B,29,0,0,50.0,20.0,38.57142857142857,0,4
2023-04-25,3,D,31,0,0,29.0,28.0,39.0,1,4
2023-04-25,3,A,38,0,0,31.0,40.0,38.714285714285715,1,4
2023-04-25,2,D,22,0,0,38.0,39.0,36.285714285714285,1,4
2023-04-25,2,B,28,0,0,22.0,33.0,35.57142857142857,1,4
2023-04-25,1,B,51,0,0,28.0,51.0,35.57142857142857,1,4
2023-04-25,3,C,26,0,0,51.0,50.0,32.142857142857146,1,4
2023-04-25,3,B,35,0,0,26.0,29.0,33.0,1,4
2023-04-25,1,D,25,0,0,35.0,31.0,32.142857142857146,1,4
2023-04-25,1,C,68,1,0,25.0,38.0,36.42857142857143,1,4
2023-04-25,2,C,31,0,0,68.0,22.0,37.714285714285715,1,4
2023-04-25,2,A,43,0,0,31.0,28.0,39.857142857142854,1,4
2023-04-25,1,A,40,1,0,43.0,51.0,38.285714285714285,1,4
2023-04-26,1,A,25,0,0,40.0,26.0,38.142857142857146,2,4
2023-04-26,3,A,31,0,0,25.0,35.0,37.57142857142857,2,4
2023-04-26,2,C,37,0,0,31.0,25.0,39.285714285714285,2,4
2023-04-26,1,C,27,0,0,37.0,68.0,33.42857142857143,2,4
2023-04-26,1,B,45,0,0,27.0,31.0,35.42857142857143,2,4
2023-04-26,3,D,38,0,0,45.0,43.0,34.714285714285715,2,4
2023-04-26,3,C,35,0,0,38.0,40.0,34.0,2,4
2023-04-26,2,A,53,0,0,35.0,25.0,38.0,2,4
2023-04-26,1,D,22,0,0,53.0,31.0,36.714285714285715,2,4
2023-04-26,2,D,32,1,0,22.0,37.0,36.0,2,4
2023-04-26,2,B,42,0,0,32.0,27.0,38.142857142857146,2,4
2023-04-26,3,B,53,1,0,42.0,45.0,39.285714285714285,2,4
2023-04-27,2,A,52,0,0,53.0,38.0,41.285714285714285,3,4
2023-04-27,3,A,32,0,0,52.0,35.0,40.857142857142854,3,4
2023-04-27,2,D,21,0,0,32.0,53.0,36.285714285714285,3,4
2023-04-27,3,B,49,1,0,21.0,22.0,40.142857142857146,3,4
2023-04-27,3,C,47,1,0,49.0,32.0,42.285714285714285,3,4
2023-04-27,3,D,39,0,0,47.0,42.0,41.857142857142854,3,4
2023-04-27,2,B,60,1,0,39.0,53.0,42.857142857142854,3,4
2023-04-27,1,A,16,0,0,60.0,52.0,37.714285714285715,3,4
2023-04-27,1,D,22,0,0,16.0,32.0,36.285714285714285,3,4
2023-04-27,1,B,46,0,0,22.0,21.0,39.857142857142854,3,4
2023-04-27,2,C,32,0,0,46.0,49.0,37.42857142857143,3,4
2023-04-27,1,C,50,0,0,32.0,47.0,37.857142857142854,3,4
2023-04-28,1,C,47,0,0,50.0,39.0,39.0,4,4
2023-04-28,1,A,26,0,0,47.0,60.0,34.142857142857146,4,4
2023-04-28,1,D,27,0,0,26.0,16.0,35.714285714285715,4,4
2023-04-28,2,A,63,1,0,27.0,22.0,41.57142857142857,4,4
2023-04-28,3,A,38,0,0,63.0,46.0,40.42857142857143,4,4
2023-04-28,2,C,30,0,0,38.0,32.0,40.142857142857146,4,4
2023-04-28,3,C,35,0,0,30.0,50.0,38.0,4,4
2023-04-28,1,B,45,0,0,35.0,47.0,37.714285714285715,4,4
2023-04-28,2,B,34,0,0,45.0,26.0,38.857142857142854,4,4
2023-04-28,3,D,40,0,0,34.0,27.0,40.714285714285715,4,4
2023-04-28,3,B,32,0,0,40.0,63.0,36.285714285714285,4,4
2023-04-28,2,D,24,0,0,32.0,38.0,34.285714285714285,4,4
2023-04-29,2,C,57,0,0,24.0,30.0,38.142857142857146,5,4
2023-04-29,3,C,53,0,0,57.0,35.0,40.714285714285715,5,4
2023-04-29,2,D,31,0,0,53.0,45.0,38.714285714285715,5,4
2023-04-29,2,B,37,0,0,31.0,34.0,39.142857142857146,5,4
2023-04-29,1,A,57,1,0,37.0,40.0,41.57142857142857,5,4
2023-04-29,1,D,40,0,0,57.0,32.0,42.714285714285715,5,4
2023-04-29,2,A,64,0,0,40.0,24.0,48.42857142857143,5,4
2023-04-29,1,B,69,0,0,64.0,57.0,50.142857142857146,5,4
2023-04-29,3,A,43,0,0,69.0,53.0,48.714285714285715,5,4
2023-04-29,3,D,41,0,0,43.0,31.0,50.142857142857146,5,4
2023-04-29,1,C,56,0,0,41.0,37.0,52.857142857142854,5,4
2023-04-29,3,B,46,0,0,56.0,57.0,51.285714285714285,5,4
2023-04-30,1,D,43,1,0,46.0,40.0,51.714285714285715,6,4
2023-04-30,2,C,52,0,0,43.0,64.0,50.0,6,4
2023-04-30,2,A,58,0,0,52.0,69.0,48.42857142857143,6,4
2023-04-30,3,C,40,0,0,58.0,43.0,48.0,6,4
2023-04-30,1,B,102,1,0,40.0,41.0,56.714285714285715,6,4
2023-04-30,3,A,46,0,0,102.0,56.0,55.285714285714285,6,4
2023-04-30,1,A,30,0,0,46.0,46.0,53.0,6,4
2023-04-30,3,D,74,1,0,30.0,43.0,57.42857142857143,6,4
2023-04-30,2,B,42,0,0,74.0,52.0,56.0,6,4
2023-04-30,2,D,28,0,0,42.0,58.0,51.714285714285715,6,4
2023-04-30,3,B,41,0,0,28.0,40.0,51.857142857142854,6,4
2023-04-30,1,C,56,0,0,41.0,102.0,45.285714285714285,6,4
2023-05-01,2,D,26,1,0,56.0,46.0,42.42857142857143,0,5
2023-05-01,3,C,33,0,0,26.0,30.0,42.857142857142854,0,5
2023-05-01,1,D,33,0,0,33.0,74.0,37.0,0,5
2023-05-01,1,C,44,0,0,33.0,42.0,37.285714285714285,0,5
2023-05-01,3,D,27,0,0,44.0,28.0,37.142857142857146,0,5
2023-05-01,3,B,40,0,0,27.0,41.0,37.0,0,5
2023-05-01,2,A,73,1,0,40.0,56.0,39.42857142857143,0,5
2023-05-01,1,A,22,0,0,73.0,26.0,38.857142857142854,0,5
2023-05-01,3,A,25,0,0,22.0,33.0,37.714285714285715,0,5
2023-05-01,2,C,40,0,0,25.0,33.0,38.714285714285715,0,5
2023-05-01,1,B,46,0,0,40.0,44.0,39.0,0,5
2023-05-01,2,B,33,0,0,46.0,27.0,39.857142857142854,0,5
2023-05-02,2,B,34,0,0,33.0,40.0,39.0,1,5
2023-05-02,2,C,29,0,0,34.0,73.0,32.714285714285715,1,5
2023-05-02,3,C,31,0,0,29.0,22.0,34.0,1,5
2023-05-02,1,D,28,0,0,31.0,25.0,34.42857142857143,1,5
2023-05-02,3,B,37,0,0,28.0,40.0,34.0,1,5
2023-05-02,1,C,50,0,0,37.0,46.0,34.57142857142857,1,5
2023-05-02,3,D,34,0,0,50.0,33.0,34.714285714285715,1,5
2023-05-02,1,A,35,1,0,34.0,34.0,34.857142857142854,1,5
2023-05-02,3,A,43,1,0,35.0,29.0,36.857142857142854,1,5
2023-05-02,2,D,20,0,0,43.0,31.0,35.285714285714285,1,5
2023-05-02,1,B,46,0,0,20.0,28.0,37.857142857142854,1,5
2023-05-02,2,A,47,0,0,46.0,37.0,39.285714285714285,1,5
2023-05-03,3,B,31,0,0,47.0,50.0,36.57142857142857,2,5
2023-05-03,3,D,27,0,0,31.0,34.0,35.57142857142857,2,5
2023-05-03,3,C,34,0,0,27.0,35.0,35.42857142857143,2,5
2023-05-03,2,D,20,0,0,34.0,43.0,32.142857142857146,2,5
2023-05-03,1,B,52,0,0,20.0,20.0,36.714285714285715,2,5
2023-05-03,2,B,28,0,0,52.0,46.0,34.142857142857146,2,5
2023-05-03,1,D,24,0,0,28.0,47.0,30.857142857142858,2,5
2023-05-03,3,A,25,0,0,24.0,31.0,30.0,2,5
2023-05-03,1,A,30,0,0,25.0,27.0,30.428571428571427,2,5
2023-05-03,2,C,57,1,0,30.0,34.0,33.714285714285715,2,5
2023-05-03,1,C,48,0,0,57.0,20.0,37.714285714285715,2,5
2023-05-03,2,A,58,0,0,48.0,52.0,38.57142857142857,2,5
2023-05-04,1,D,27,0,0,58.0,28.0,38.42857142857143,3,5
2023-05-04,3,B,37,0,0,27.0,24.0,40.285714285714285,3,5
2023-05-04,3,A,39,0,0,37.0,25.0,42.285714285714285,3,5
2023-05-04,2,D,27,0,0,39.0,30.0,41.857142857142854,3,5
2023-05-04,2,B,39,0,0,27.0,57.0,39.285714285714285,3,5
2023-05-04,1,A,36,0,0,39.0,48.0,37.57142857142857,3,5
2023-05-04,3,D,50,1,0,36.0,58.0,36.42857142857143,3,5
2023-05-04,1,C,39,0,0,50.0,27.0,38.142857142857146,3,5
2023-05-04,2,C,35,0,0,39.0,37.0,37.857142857142854,3,5
2023-05-04,3,C,37,0,0,35.0,39.0,37.57142857142857,3,5
2023-05-04,1,B,56,0,0,37.0,27.0,41.714285714285715,3,5
2023-05-04,2,A,52,0,0,56.0,39.0,43.57142857142857,3,5
2023-05-05,1,A,31,0,0,52.0,36.0,42.857142857142854,4,5
2023-05-05,1,B,58,0,0,31.0,50.0,44.0,4,5
2023-05-05,3,B,30,0,0,58.0,39.0,42.714285714285715,4,5
2023-05-05,2,D,19,0,0,30.0,35.0,40.42857142857143,4,5
2023-05-05,3,D,43,0,0,19.0,37.0,41.285714285714285,4,5
2023-05-05,2,A,47,0,0,43.0,56.0,40.0,4,5
2023-05-05,3,C,26,0,0,47.0,52.0,36.285714285714285,4,5
2023-05-05,1,C,52,0,0,26.0,31.0,39.285714285714285,4,5
2023-05-05,2,C,38,0,0,52.0,58.0,36.42857142857143,4,5
2023-05-05,3,A,27,0,0,38.0,30.0,36.0,4,5
2023-05-05,1,D,28,0,0,27.0,19.0,37.285714285714285,4,5
2023-05-05,2,B,23,0,0,28.0,43.0,34.42857142857143,4,5
2023-05-06,2,D,28,0,0,23.0,47.0,31.714285714285715,5,5
2023-05-06,2,C,63,1,0,28.0,26.0,37.0,5,5
2023-05-06,2,A,65,0,0,63.0,52.0,38.857142857142854,5,5
2023-05-06,1,D,27,0,0,65.0,38.0,37.285714285714285,5,5
2023-05-06,3,A,62,1,0,27.0,27.0,42.285714285714285,5,5
2023-05-06,1,A,28,0,0,62.0,28.0,42.285714285714285,5,5
2023-05-06,3,B,49,0,0,28.0,23.0,46.0,5,5
2023-05-06,3,C,49,0,0,49.0,28.0,49.0,5,5
2023-05-06,3,D,42,0,0,49.0,63.0,46.0,5,5
2023-05-06,1,C,66,0,0,42.0,65.0,46.142857142857146,5,5
2023-05-06,1,B,92,1,0,66.0,27.0,55.42857142857143,5,5
2023-05-06,2,B,50,0,0,92.0,62.0,53.714285714285715,5,5
2023-05-07,3,B,41,0,0,50.0,28.0,55.57142857142857,6,5
2023-05-07,1,B,94,1,0,41.0,49.0,62.0,6,5
2023-05-07,2,C,51,0,0,94.0,49.0,62.285714285714285,6,5
2023-05-07,2,D,37,0,0,51.0,42.0,61.57142857142857,6,5
2023-05-07,3,A,64,1,0,37.0,66.0,61.285714285714285,6,5
2023-05-07,2,B,51,0,0,64.0,92.0,55.42857142857143,6,5
2023-05-07,2,A,68,0,0,51.0,50.0,58.0,6,5
2023-05-07,3,C,55,0,0,68.0,41.0,60.0,6,5
2023-05-07,3,D,32,0,0,55.0,94.0,51.142857142857146,6,5
2023-05-07,1,C,53,0,0,32.0,51.0,51.42857142857143,6,5
2023-05-07,1,D,49,1,0,53.0,37.0,53.142857142857146,6,5
2023-05-07,1,A,30,0,0,49.0,64.0,48.285714285714285,6,5
2023-05-08,2,B,32,0,0,30.0,51.0,45.57142857142857,0,5
2023-05-08,1,C,46,0,0,32.0,68.0,42.42857142857143,0,5
2023-05-08,2,A,73,1,0,46.0,55.0,45.0,0,5
2023-05-08,2,D,22,0,0,73.0,32.0,43.57142857142857,0,5
2023-05-08,3,C,41,0,0,22.0,53.0,41.857142857142854,0,5
2023-05-08,1,A,30,0,0,41.0,49.0,39.142857142857146,0,5
2023-05-08,3,B,52,1,0,30.0,30.0,42.285714285714285,0,5
2023-05-08,3,D,38,0,0,52.0,32.0,43.142857142857146,0,5
2023-05-08,1,D,25,0,0,38.0,46.0,40.142857142857146,0,5
2023-05-08,1,B,75,1,0,25.0,73.0,40.42857142857143,0,5
2023-05-08,2,C,26,0,0,75.0,22.0,41.0,0,5
2023-05-08,3,A,46,1,0,26.0,41.0,41.714285714285715,0,5
2023-05-09,3,A,26,0,0,46.0,30.0,41.142857142857146,1,5
2023-05-09,1,A,28,0,0,26.0,52.0,37.714285714285715,1,5
2023-05-09,1,C,45,0,0,28.0,38.0,38.714285714285715,1,5
2023-05-09,1,D,17,0,0,45.0,25.0,37.57142857142857,1,5
2023-05-09,2,C,36,0,0,17.0,75.0,32.0,1,5
2023-05-09,2,D,39,1,0,36.0,26.0,33.857142857142854,1,5
2023-05-09,2,A,82,1,0,39.0,46.0,39.0,1,5
2023-05-09,1,B,50,0,0,82.0,26.0,42.42857142857143,1,5
2023-05-09,3,D,27,0,0,50.0,28.0,42.285714285714285,1,5
2023-05-09,2,B,33,0,0,27.0,45.0,40.57142857142857,1,5
2023-05-09,3,B,36,0,0,33.0,17.0,43.285714285714285,1,5
2023-05-09,3,C,53,1,0,36.0,36.0,45.714285714285715,1,5
2023-05-10,1,B,48,0,0,53.0,39.0,47.0,2,5
2023-05-10,1,D,29,0,0,48.0,82.0,39.42857142857143,2,5
2023-05-10,3,D,29,0,0,29.0,50.0,36.42857142857143,2,5
2023-05-10,3,B,43,0,0,29.0,27.0,38.714285714285715,2,5
2023-05-10,2,C,39,0,0,43.0,33.0,39.57142857142857,2,5
2023-05-10,1,A,25,0,0,39.0,36.0,38.0,2,5
2023-05-10,2,A,49,0,0,25.0,53.0,37.42857142857143,2,5
2023-05-10,1,C,51,0,0,49.0,48.0,37.857142857142854,2,5
2023-05-10,2,D,19,0,0,51.0,29.0,36.42857142857143,2,5
2023-05-10,2,B,41,0,0,19.0,29.0,38.142857142857146,2,5
2023-05-10,3,A,39,0,0,41.0,43.0,37.57142857142857,2,5
2023-05-10,3,C,33,0,0,39.0,39.0,36.714285714285715,2,5
2023-05-11,3,B,31,0,0,33.0,25.0,37.57142857142857,3,5
2023-05-11,2,D,42,1,0,31.0,49.0,36.57142857142857,3,5
2023-05-11,2,B,37,0,0,42.0,51.0,34.57142857142857,3,5
2023-05-11,3,D,33,0,0,37.0,19.0,36.57142857142857,3,5
2023-05-11,2,A,75,1,0,33.0,41.0,41.42857142857143,3,5
2023-05-11,3,A,34,0,0,75.0,39.0,40.714285714285715,3,5
2023-05-11,2,C,41,0,0,34.0,33.0,41.857142857142854,3,5
2023-05-11,3,C,44,0,0,41.0,31.0,43.714285714285715,3,5
2023-05-11,1,D,22,0,0,44.0,42.0,40.857142857142854,3,5
2023-05-11,1,C,40,0,0,22.0,37.0,41.285714285714285,3,5
2023-05-11,1,B,45,0,0,40.0,33.0,43.0,3,5
2023-05-11,1,A,23,0,0,45.0,75.0,35.57142857142857,3,5
2023-05-12,1,B,49,0,0,23.0,34.0,37.714285714285715,4,5
2023-05-12,2,C,58,1,0,49.0,41.0,40.142857142857146,4,5
2023-05-12,3,D,30,0,0,58.0,44.0,38.142857142857146,4,5
2023-05-12,2,A,73,1,0,30.0,22.0,45.42857142857143,4,5
2023-05-12,2,B,32,0,0,73.0,40.0,44.285714285714285,4,5
2023-05-12,3,C,54,1,0,32.0,45.0,45.57142857142857,4,5
2023-05-12,3,A,36,0,0,54.0,23.0,47.42857142857143,4,5
2023-05-12,3,B,31,0,0,36.0,49.0,44.857142857142854,4,5
2023-05-12,2,D,24,0,0,31.0,58.0,40.0,4,5
2023-05-12,1,C,48,0,0,24.0,30.0,42.57142857142857,4,5
2023-05-12,1,A,39,1,0,48.0,73.0,37.714285714285715,4,5
2023-05-12,1,D,22,0,0,39.0,32.0,36.285714285714285,4,5
2023-05-13,2,D,25,0,0,22.0,54.0,32.142857142857146,5,5
2023-05-13,1,A,52,1,0,25.0,36.0,34.42857142857143,5,5
2023-05-13,2,A,60,0,0,52.0,31.0,38.57142857142857,5,5
2023-05-13,1,D,33,0,0,60.0,24.0,39.857142857142854,5,5
2023-05-13,3,D,47,0,0,33.0,48.0,39.714285714285715,5,5
2023-05-13,3,A,41,0,0,47.0,39.0,40.0,5,5
2023-05-13,3,B,38,0,0,41.0,22.0,42.285714285714285,5,5
2023-05-13,3,C,82,1,0,38.0,25.0,50.42857142857143,5,5
2023-05-13,2,B,43,0,0,82.0,52.0,49.142857142857146,5,5
2023-05-13,1,C,61,0,0,43.0,60.0,49.285714285714285,5,5
2023-05-13,2,C,51,0,0,61.0,33.0,51.857142857142854,5,5
2023-05-13,1,B,73,0,0,51.0,47.0,55.57142857142857,5,5
2023-05-14,3,D,47,0,0,73.0,41.0,56.42857142857143,6,5
2023-05-14,1,B,61,0,0,47.0,38.0,59.714285714285715,6,5
2023-05-14,3,C,46,0,0,61.0,82.0,54.57142857142857,6,5
2023-05-14,1,D,35,0,0,46.0,43.0,53.42857142857143,6,5
2023-05-14,2,C,50,0,0,35.0,61.0,51.857142857142854,6,5
2023-05-14,2,D,35,0,0,50.0,51.0,49.57142857142857,6,5
2023-05-14,2,A,94,1,0,35.0,73.0,52.57142857142857,6,5
2023-05-14,3,A,38,0,0,94.0,47.0,51.285714285714285,6,5
2023-05-14,1,C,62,0,0,38.0,61.0,51.42857142857143,6,5
2023-05-14,3,B,55,0,0,62.0,46.0,52.714285714285715,6,5
2023-05-14,1,A,39,0,0,55.0,35.0,53.285714285714285,6,5
2023-05-14,2,B,47,0,0,39.0,50.0,52.857142857142854,6,5
2023-05-15,2,D,23,0,0,47.0,35.0,51.142857142857146,0,5
2023-05-15,1,A,17,0,0,23.0,94.0,40.142857142857146,0,5
2023-05-15,3,A,39,0,0,17.0,38.0,40.285714285714285,0,5
2023-05-15,1,D,27,0,0,39.0,62.0,35.285714285714285,0,5
2023-05-15,3,D,31,0,0,27.0,55.0,31.857142857142858,0,5
2023-05-15,3,B,35,0,0,31.0,39.0,31.285714285714285,0,5
2023-05-15,2,C,33,0,0,35.0,47.0,29.285714285714285,0,5
2023-05-15,1,C,47,0,0,33.0,23.0,32.714285714285715,0,5
2023-05-15,2,A,49,0,0,47.0,17.0,37.285714285714285,0,5
2023-05-15,1,B,75,1,0,49.0,39.0,42.42857142857143,0,5
2023-05-15,3,C,34,0,0,75.0,27.0,43.42857142857143,0,5
2023-05-15,2,B,44,0,0,34.0,31.0,45.285714285714285,0,5
2023-05-16,2,D,29,0,0,44.0,35.0,44.42857142857143,1,5
2023-05-16,3,D,37,0,0,29.0,33.0,45.0,1,5
2023-05-16,3,A,29,0,0,37.0,47.0,42.42857142857143,1,5
2023-05-16,1,C,39,0,0,29.0,49.0,41.0,1,5
2023-05-16,1,A,44,1,0,39.0,75.0,36.57142857142857,1,5
2023-05-16,2,C,29,0,0,44.0,34.0,35.857142857142854,1,5
2023-05-16,3,B,40,0,0,29.0,44.0,35.285714285714285,1,5
2023-05-16,2,A,55,0,0,40.0,29.0,39.0,1,5
2023-05-16,1,D,38,1,0,55.0,37.0,39.142857142857146,1,5
2023-05-16,2,B,50,1,0,38.0,29.0,42.142857142857146,1,5
2023-05-16,1,B,62,0,0,50.0,39.0,45.42857142857143,1,5
2023-05-16,3,C,31,0,0,62.0,44.0,43.57142857142857,1,5
2023-05-17,2,A,81,1,0,31.0,29.0,51.0,2,5
2023-05-17,3,A,31,0,0,81.0,40.0,49.714285714285715,2,5
2023-05-17,1,B,71,1,0,31.0,55.0,52.0,2,5
2023-05-17,1,C,49,0,0,71.0,38.0,53.57142857142857,2,5
2023-05-17,1,D,27,0,0,49.0,50.0,50.285714285714285,2,5
2023-05-17,1,A,27,0,0,27.0,62.0,45.285714285714285,2,5
2023-05-17,2,D,43,1,0,27.0,31.0,47.0,2,5
2023-05-17,2,C,62,1,0,43.0,81.0,44.285714285714285,2,5
2023-05-17,2,B,32,0,0,62.0,31.0,44.42857142857143,2,5
2023-05-17,3,B,50,1,0,32.0,71.0,41.42857142857143,2,5
2023-05-17,3,C,40,0,0,50.0,49.0,40.142857142857146,2,5
2023-05-17,3,D,27,0,0,40.0,27.0,40.142857142857146,2,5
2023-05-18,3,C,37,0,0,27.0,27.0,41.57142857142857,3,5
2023-05-18,1,A,44,1,0,37.0,43.0,41.714285714285715,3,5
2023-05-18,3,A,32,0,0,44.0,62.0,37.42857142857143,3,5
2023-05-18,2,D,22,0,0,32.0,32.0,36.0,3,5
2023-05-18,3,B,33,0,0,22.0,50.0,33.57142857142857,3,5
2023-05-18,3,D,65,1,0,33.0,40.0,37.142857142857146,3,5
2023-05-18,1,D,22,0,0,65.0,27.0,36.42857142857143,3,5
2023-05-18,2,C,45,0,0,22.0,37.0,37.57142857142857,3,5
2023-05-18,1,B,52,0,0,45.0,44.0,38.714285714285715,3,5
2023-05-18,2,A,58,0,0,52.0,32.0,42.42857142857143,3,5
2023-05-18,2,B,34,0,0,58.0,22.0,44.142857142857146,3,5
2023-05-18,1,C,72,1,0,34.0,33.0,49.714285714285715,3,5
2023-05-19,1,A,36,0,0,72.0,65.0,45.57142857142857,4,5
2023-05-19,1,D,26,0,0,36.0,22.0,46.142857142857146,4,5
2023-05-19,2,C,36,0,0,26.0,45.0,44.857142857142854,4,5
2023-05-19,1,B,58,0,0,36.0,52.0,45.714285714285715,4,5
2023-05-19,3,A,28,0,0,58.0,58.0,41.42857142857143,4,5
2023-05-19,3,D,43,0,0,28.0,34.0,42.714285714285715,4,5
2023-05-19,2,B,34,0,0,43.0,72.0,37.285714285714285,4,5
2023-05-19,2,D,25,0,0,34.0,36.0,35.714285714285715,4,5
2023-05-19,3,B,53,1,0,25.0,26.0,39.57142857142857,4,5
2023-05-19,1,C,46,0,0,53.0,36.0,41.0,4,5
2023-05-19,3,C,55,1,0,46.0,58.0,40.57142857142857,4,5
2023-05-19,2,A,46,0,0,55.0,28.0,43.142857142857146,4,5
2023-05-20,2,B,46,0,0,46.0,43.0,43.57142857142857,5,5
2023-05-20,3,C,55,0,0,46.0,34.0,46.57142857142857,5,5
2023-05-20,3,D,67,1,0,55.0,25.0,52.57142857142857,5,5
2023-05-20,1,A,32,0,0,67.0,53.0,49.57142857142857,5,5
2023-05-20,3,A,66,1,0,32.0,46.0,52.42857142857143,5,5
2023-05-20,2,D,32,0,0,66.0,55.0,49.142857142857146,5,5
2023-05-20,2,C,70,1,0,32.0,46.0,52.57142857142857,5,5
2023-05-20,1,D,53,1,0,70.0,46.0,53.57142857142857,5,5
2023-05-20,3,B,46,0,0,53.0,55.0,52.285714285714285,5,5
2023-05-20,1,C,59,0,0,46.0,67.0,51.142857142857146,5,5
2023-05-20,2,A,100,1,0,59.0,32.0,60.857142857142854,5,5
2023-05-20,1,B,99,1,0,100.0,66.0,65.57142857142857,5,5
2023-05-21,2,B,44,0,0,99.0,32.0,67.28571428571429,6,5
2023-05-21,2,A,102,1,0,44.0,70.0,71.85714285714286,6,5
2023-05-21,3,D,76,1,0,102.0,53.0,75.14285714285714,6,5
2023-05-21,1,A,35,0,0,76.0,46.0,73.57142857142857,6,5
2023-05-21,2,D,39,0,0,35.0,59.0,70.71428571428571,6,5
2023-05-21,2,C,39,0,0,39.0,100.0,62.0,6,5
2023-05-21,3,C,48,0,0,39.0,99.0,54.714285714285715,6,5
2023-05-21,3,B,49,0,0,48.0,44.0,55.42857142857143,6,5
2023-05-21,1,D,47,1,0,49.0,102.0,47.57142857142857,6,5
2023-05-21,1,C,67,0,0,47.0,76.0,46.285714285714285,6,5
2023-05-21,1,B,102,1,0,67.0,35.0,55.857142857142854,6,5
2023-05-21,3,A,47,0,0,102.0,39.0,57.0,6,5
2023-05-22,2,D,20,0,0,47.0,39.0,54.285714285714285,0,5
2023-05-22,2,C,35,0,0,20.0,48.0,52.42857142857143,0,5
2023-05-22,3,A,31,0,0,35.0,49.0,49.857142857142854,0,5
2023-05-22,2,A,45,0,0,31.0,47.0,49.57142857142857,0,5
2023-05-22,1,C,53,0,0,45.0,67.0,47.57142857142857,0,5
2023-05-22,1,A,25,0,0,53.0,102.0,36.57142857142857,0,5
2023-05-22,1,D,38,1,0,25.0,47.0,35.285714285714285,0,5
2023-05-22,2,B,40,0,0,38.0,20.0,38.142857142857146,0,5
2023-05-22,1,B,78,1,0,40.0,35.0,44.285714285714285,0,5
2023-05-22,3,C,60,1,0,78.0,31.0,48.42857142857143,0,5
2023-05-22,3,D,38,0,0,60.0,45.0,47.42857142857143,0,5
2023-05-22,3,B,53,1,0,38.0,53.0,47.42857142857143,0,5
2023-05-23,3,B,33,0,0,53.0,25.0,48.57142857142857,1,5
2023-05-23,2,C,33,0,0,33.0,38.0,47.857142857142854,1,5
2023-05-23,1,D,41,1,0,33.0,40.0,48.0,1,5
2023-05-23,3,C,38,0,0,41.0,78.0,42.285714285714285,1,5
2023-05-23,1,C,65,1,0,38.0,60.0,43.0,1,5
2023-05-23,2,A,50,0,0,65.0,38.0,44.714285714285715,1,5
2023-05-23,2,B,30,0,0,50.0,53.0,41.42857142857143,1,5
2023-05-23,3,D,38,0,0,30.0,33.0,42.142857142857146,1,5
2023-05-23,3,A,27,0,0,38.0,33.0,41.285714285714285,1,5
2023-05-23,2,D,17,0,0,27.0,41.0,37.857142857142854,1,5
2023-05-23,1,B,52,0,0,17.0,38.0,39.857142857142854,1,5
2023-05-23,1,A,24,0,0,52.0,65.0,34.0,1,5
2023-05-24,1,C,47,0,0,24.0,50.0,33.57142857142857,2,5
2023-05-24,3,A,25,0,0,47.0,30.0,32.857142857142854,2,5
2023-05-24,1,D,25,0,0,25.0,38.0,31.0,2,5
2023-05-24,2,B,36,0,0,25.0,27.0,32.285714285714285,2,5
2023-05-24,2,A,41,0,0,36.0,17.0,35.714285714285715,2,5
2023-05-24,3,B,45,0,0,41.0,52.0,34.714285714285715,2,5
2023-05-24,2,D,23,0,0,45.0,24.0,34.57142857142857,2,5
2023-05-24,3,C,39,0,0,23.0,47.0,33.42857142857143,2,5
2023-05-24,2,C,31,0,0,39.0,25.0,34.285714285714285,2,5
2023-05-24,3,D,31,0,0,31.0,25.0,35.142857142857146,2,5
2023-05-24,1,A,25,0,0,31.0,36.0,33.57142857142857,2,5
2023-05-24,1,B,56,0,0,25.0,41.0,35.714285714285715,2,5
2023-05-25,3,C,30,0,0,56.0,45.0,33.57142857142857,3,5
2023-05-25,3,B,31,0,0,30.0,23.0,34.714285714285715,3,5
2023-05-25,2,A,53,0,0,31.0,39.0,36.714285714285715,3,5
2023-05-25,2,C,44,0,0,53.0,31.0,38.57142857142857,3,5
2023-05-25,1,B,52,0,0,44.0,31.0,41.57142857142857,3,5
2023-05-25,2,B,54,1,0,52.0,25.0,45.714285714285715,3,5
2023-05-25,1,D,19,0,0,54.0,56.0,40.42857142857143,3,5
2023-05-25,2,D,32,1,0,19.0,30.0,40.714285714285715,3,5
2023-05-25,1,C,31,0,0,32.0,31.0,40.714285714285715,3,5
2023-05-25,3,D,31,0,0,31.0,53.0,37.57142857142857,3,5
2023-05-25,1,A,26,0,0,31.0,44.0,35.0,3,5
2023-05-25,3,A,31,0,0,26.0,52.0,32.0,3,5
2023-05-26,1,A,42,1,0,31.0,54.0,30.285714285714285,4,5
2023-05-26,2,C,41,0,0,42.0,19.0,33.42857142857143,4,5
2023-05-26,3,D,32,0,0,41.0,32.0,33.42857142857143,4,5
2023-05-26,2,A,56,0,0,32.0,31.0,37.0,4,5
2023-05-26,3,C,24,0,0,56.0,31.0,36.0,4,5
2023-05-26,2,D,24,0,0,24.0,26.0,35.714285714285715,4,5
2023-05-26,2,B,30,0,0,24.0,31.0,35.57142857142857,4,5
2023-05-26,3,B,31,0,0,30.0,42.0,34.0,4,5
2023-05-26,1,B,73,1,0,31.0,41.0,38.57142857142857,4,5
2023-05-26,3,A,37,0,0,73.0,32.0,39.285714285714285,4,5
2023-05-26,1,D,32,0,0,37.0,56.0,35.857142857142854,4,5
2023-05-26,1,C,64,1,0,32.0,24.0,41.57142857142857,4,5
2023-05-27,2,D,39,0,0,64.0,24.0,43.714285714285715,5,5
2023-05-27,3,B,42,0,0,39.0,30.0,45.42857142857143,5,5
2023-05-27,2,A,58,0,0,42.0,31.0,49.285714285714285,5,5
2023-05-27,1,D,39,0,0,58.0,73.0,44.42857142857143,5,5
2023-05-27,2,C,52,0,0,39.0,37.0,46.57142857142857,5,5
2023-05-27,3,A,61,1,0,52.0,32.0,50.714285714285715,5,5
2023-05-27,1,C,56,0,0,61.0,64.0,49.57142857142857,5,5
2023-05-27,1,B,65,0,0,56.0,39.0,53.285714285714285,5,5
2023-05-27,2,B,47,0,0,65.0,42.0,54.0,5,5
2023-05-27,1,A,34,0,0,47.0,58.0,50.57142857142857,5,5
2023-05-27,3,D,50,0,0,34.0,39.0,52.142857142857146,5,5
2023-05-27,3,C,73,1,0,50.0,52.0,55.142857142857146,5,5
2023-05-28,2,C,48,0,0,73.0,61.0,53.285714285714285,6,5
2023-05-28,3,C,71,1,0,48.0,56.0,55.42857142857143,6,5
2023-05-28,1,B,66,0,0,71.0,65.0,55.57142857142857,6,5
2023-05-28,1,A,35,0,0,66.0,47.0,53.857142857142854,6,5
2023-05-28,2,D,33,0,0,35.0,34.0,53.714285714285715,6,5
2023-05-28,2,A,61,0,0,33.0,50.0,55.285714285714285,6,5
2023-05-28,1,D,33,0,0,61.0,73.0,49.57142857142857,6,5
2023-05-28,3,A,47,0,0,33.0,48.0,49.42857142857143,6,5
2023-05-28,3,D,45,0,0,47.0,71.0,45.714285714285715,6,5
2023-05-28,1,C,89,1,0,45.0,66.0,49.0,6,5
2023-05-28,2,B,47,0,0,89.0,35.0,50.714285714285715,6,5
2023-05-28,3,B,50,0,0,47.0,33.0,53.142857142857146,6,5
2023-05-29,1,A,43,1,0,50.0,61.0,50.57142857142857,0,5
2023-05-29,3,D,25,0,0,43.0,33.0,49.42857142857143,0,5
2023-05-29,1,C,66,1,0,25.0,47.0,52.142857142857146,0,5
2023-05-29,1,B,72,1,0,66.0,45.0,56.0,0,5
2023-05-29,3,C,36,0,0,72.0,89.0,48.42857142857143,0,5
2023-05-29,2,C,33,0,0,36.0,47.0,46.42857142857143,0,5
2023-05-29,2,A,46,0,0,33.0,50.0,45.857142857142854,0,5
2023-05-29,3,B,37,0,0,46.0,43.0,45.0,0,5
2023-05-29,1,D,33,0,0,37.0,25.0,46.142857142857146,0,5
2023-05-29,2,B,39,1,0,33.0,66.0,42.285714285714285,0,5
2023-05-29,2,D,26,0,0,39.0,72.0,35.714285714285715,0,5
2023-05-29,3,A,41,0,0,26.0,36.0,36.42857142857143,0,5
2023-05-30,3,B,34,0,0,41.0,33.0,36.57142857142857,1,5
2023-05-30,1,A,39,0,0,34.0,46.0,35.57142857142857,1,5
2023-05-30,3,C,58,1,0,39.0,37.0,38.57142857142857,1,5
2023-05-30,2,C,38,0,0,58.0,33.0,39.285714285714285,1,5
2023-05-30,3,D,50,1,0,38.0,39.0,40.857142857142854,1,5
2023-05-30,1,D,29,0,0,50.0,26.0,41.285714285714285,1,5
2023-05-30,2,D,36,0,0,29.0,41.0,40.57142857142857,1,5
2023-05-30,1,B,50,0,0,36.0,34.0,42.857142857142854,1,5
2023-05-30,2,A,45,0,0,50.0,39.0,43.714285714285715,1,5
2023-05-30,3,A,53,1,0,45.0,58.0,43.0,1,5
2023-05-30,1,C,63,1,0,53.0,38.0,46.57142857142857,1,5
2023-05-30,2,B,29,0,0,63.0,50.0,43.57142857142857,1,5
2023-05-31,2,B,42,0,0,29.0,29.0,45.42857142857143,2,5
2023-05-31,1,A,22,0,0,42.0,36.0,43.42857142857143,2,5
2023-05-31,1,B,50,0,0,22.0,50.0,43.42857142857143,2,5
2023-05-31,2,D,36,1,0,50.0,45.0,42.142857142857146,2,5
2023-05-31,3,A,30,0,0,36.0,53.0,38.857142857142854,2,5
2023-05-31,3,B,31,0,0,30.0,63.0,34.285714285714285,2,5
2023-05-31,3,D,42,0,0,31.0,29.0,36.142857142857146,2,5
2023-05-31,2,C,38,0,0,42.0,42.0,35.57142857142857,2,5
2023-05-31,2,A,75,1,0,38.0,22.0,43.142857142857146,2,5
2023-05-31,3,C,30,0,0,75.0,50.0,40.285714285714285,2,5
2023-05-31,1,D,24,0,0,30.0,36.0,38.57142857142857,2,5
2023-05-31,1,C,40,0,0,24.0,30.0,40.0,2,5
2023-06-01,3,C,27,0,0,40.0,31.0,39.42857142857143,3,6
2023-06-01,2,D,21,0,0,27.0,42.0,36.42857142857143,3,6
2023-06-01,3,A,26,0,0,21.0,38.0,34.714285714285715,3,6
2023-06-01,1,C,40,0,0,26.0,75.0,29.714285714285715,3,6
2023-06-01,2,A,77,1,0,40.0,30.0,36.42857142857143,3,6
2023-06-01,2,B,31,0,0,77.0,24.0,37.42857142857143,3,6
2023-06-01,2,C,48,1,0,31.0,40.0,38.57142857142857,3,6
2023-06-01,3,B,36,0,0,48.0,27.0,39.857142857142854,3,6
2023-06-01,1,D,22,0,0,36.0,21.0,40.0,3,6
2023-06-01,1,B,53,0,0,22.0,26.0,43.857142857142854,3,6
2023-06-01,3,D,31,0,0,53.0,40.0,42.57142857142857,3,6
2023-06-01,1,A,29,0,0,31.0,77.0,35.714285714285715,3,6
2023-06-02,3,B,40,0,0,29.0,31.0,37.0,4,6
2023-06-02,1,A,31,0,0,40.0,48.0,34.57142857142857,4,6
2023-06-02,2,A,53,0,0,31.0,36.0,37.0,4,6
2023-06-02,1,C,62,1,0,53.0,22.0,42.714285714285715,4,6
2023-06-02,1,D,33,1,0,62.0,53.0,39.857142857142854,4,6
2023-06-02,1,B,60,0,0,33.0,31.0,44.0,4,6
2023-06-02,3,A,33,0,0,60.0,29.0,44.57142857142857,4,6
2023-06-02,2,D,25,0,0,33.0,40.0,42.42857142857143,4,6
2023-06-02,2,C,41,0,0,25.0,31.0,43.857142857142854,4,6
2023-06-02,3,D,38,0,0,41.0,53.0,41.714285714285715,4,6
2023-06-02,2,B,28,0,0,38.0,62.0,36.857142857142854,4,6
2023-06-02,3,C,27,0,0,28.0,33.0,36.0,4,6
2023-06-03,2,B,35,0,0,27.0,60.0,32.42857142857143,5,6
2023-06-03,2,A,69,0,0,35.0,33.0,37.57142857142857,5,6
2023-06-03,1,C,79,1,0,69.0,25.0,45.285714285714285,5,6
2023-06-03,2,D,29,0,0,79.0,41.0,43.57142857142857,5,6
2023-06-03,3,C,71,1,0,29.0,38.0,48.285714285714285,5,6
2023-06-03,3,D,68,1,0,71.0,28.0,54.0,5,6
2023-06-03,3,A,52,0,0,68.0,27.0,57.57142857142857,5,6
2023-06-03,1,B,66,0,0,52.0,35.0,62.0,5,6
2023-06-03,1,D,33,0,0,66.0,69.0,56.857142857142854,5,6
2023-06-03,3,B,54,0,0,33.0,79.0,53.285714285714285,5,6
2023-06-03,1,A,39,0,0,54.0,29.0,54.714285714285715,5,6
2023-06-03,2,C,49,0,0,39.0,71.0,51.57142857142857,5,6
2023-06-04,2,D,50,1,0,49.0,68.0,49.0,6,6
2023-06-04,2,B,39,0,0,50.0,52.0,47.142857142857146,6,6
2023-06-04,2,C,74,1,0,39.0,66.0,48.285714285714285,6,6
2023-06-04,1,D,29,0,0,74.0,33.0,47.714285714285715,6,6
2023-06-04,3,C,56,0,0,29.0,54.0,48.0,6,6
2023-06-04,1,B,105,1,0,56.0,39.0,57.42857142857143,6,6
2023-06-04,2,A,74,0,0,105.0,49.0,61.0,6,6
2023-06-04,1,A,34,0,0,74.0,50.0,58.714285714285715,6,6
2023-06-04,3,B,43,0,0,34.0,39.0,59.285714285714285,6,6
2023-06-04,1,C,60,0,0,43.0,74.0,57.285714285714285,6,6
2023-06-04,3,D,64,1,0,60.0,29.0,62.285714285714285,6,6
2023-06-04,3,A,40,0,0,64.0,56.0,60.0,6,6
2023-06-05,1,B,52,0,0,40.0,105.0,52.42857142857143,0,6
2023-06-05,3,C,31,0,0,52.0,74.0,46.285714285714285,0,6
2023-06-05,2,D,19,0,0,31.0,34.0,44.142857142857146,0,6
2023-06-05,3,B,52,1,0,19.0,43.0,45.42857142857143,0,6
2023-06-05,1,D,22,0,0,52.0,60.0,40.0,0,6
2023-06-05,2,B,34,0,0,22.0,64.0,35.714285714285715,0,6
2023-06-05,2,A,75,1,0,34.0,40.0,40.714285714285715,0,6
2023-06-05,1,C,44,0,0,75.0,52.0,39.57142857142857,0,6
2023-06-05,3,D,43,0,0,44.0,31.0,41.285714285714285,0,6
2023-06-05,3,A,38,1,0,43.0,19.0,44.0,0,6
2023-06-05,2,C,53,1,0,38.0,52.0,44.142857142857146,0,6
2023-06-05,1,A,43,1,0,53.0,22.0,47.142857142857146,0,6
2023-06-06,1,B,50,0,0,43.0,34.0,49.42857142857143,1,6
2023-06-06,3,A,30,0,0,50.0,75.0,43.0,1,6
2023-06-06,1,C,35,0,0,30.0,44.0,41.714285714285715,1,6
2023-06-06,2,D,20,0,0,35.0,43.0,38.42857142857143,1,6
2023-06-06,2,B,28,0,0,20.0,38.0,37.0,1,6
2023-06-06,3,C,50,1,0,28.0,53.0,36.57142857142857,1,6
2023-06-06,2,A,48,0,0,50.0,43.0,37.285714285714285,1,6
2023-06-06,1,A,42,1,0,48.0,50.0,36.142857142857146,1,6
2023-06-06,2,C,27,0,0,42.0,30.0,35.714285714285715,1,6
2023-06-06,3,D,31,0,0,27.0,35.0,35.142857142857146,1,6
2023-06-06,1,D,27,0,0,31.0,20.0,36.142857142857146,1,6
2023-06-06,3,B,38,0,0,27.0,28.0,37.57142857142857,1,6
2023-06-07,3,B,33,0,0,38.0,50.0,35.142857142857146,2,6
2023-06-07,2,D,12,0,0,33.0,48.0,30.0,2,6
2023-06-07,3,A,54,1,0,12.0,42.0,31.714285714285715,2,6
2023-06-07,1,D,19,0,0,54.0,27.0,30.571428571428573,2,6
2023-06-07,2,B,38,0,0,19.0,31.0,31.571428571428573,2,6
2023-06-07,1,A,32,0,0,38.0,27.0,32.285714285714285,2,6
2023-06-07,1,C,49,0,0,32.0,38.0,33.857142857142854,2,6
2023-06-07,3,C,36,0,0,49.0,33.0,34.285714285714285,2,6
2023-06-07,3,D,43,0,0,36.0,12.0,38.714285714285715,2,6
2023-06-07,2,C,55,1,0,43.0,54.0,38.857142857142854,2,6
2023-06-07,1,B,72,1,0,55.0,19.0,46.42857142857143,2,6
2023-06-07,2,A,59,0,0,72.0,38.0,49.42857142857143,2,6
2023-06-08,1,D,18,0,0,59.0,32.0,47.42857142857143,3,6
2023-06-08,3,D,55,1,0,18.0,49.0,48.285714285714285,3,6
2023-06-08,2,C,60,1,0,55.0,36.0,51.714285714285715,3,6
2023-06-08,3,B,29,0,0,60.0,43.0,49.714285714285715,3,6
2023-06-08,3,A,55,1,0,29.0,55.0,49.714285714285715,3,6
2023-06-08,2,D,35,1,0,55.0,72.0,44.42857142857143,3,6
2023-06-08,1,B,50,0,0,35.0,59.0,43.142857142857146,3,6
2023-06-08,1,C,44,0,0,50.0,18.0,46.857142857142854,3,6
2023-06-08,3,C,35,0,0,44.0,55.0,44.0,3,6
2023-06-08,1,A,31,0,0,35.0,60.0,39.857142857142854,3,6
2023-06-08,2,B,30,0,0,31.0,29.0,40.0,3,6
2023-06-08,2,A,50,0,0,30.0,55.0,39.285714285714285,3,6
2023-06-09,2,A,47,0,0,50.0,35.0,41.0,4,6
2023-06-09,3,C,59,1,0,47.0,50.0,42.285714285714285,4,6
2023-06-09,2,C,65,1,0,59.0,44.0,45.285714285714285,4,6
2023-06-09,1,C,44,0,0,65.0,35.0,46.57142857142857,4,6
2023-06-09,1,B,50,0,0,44.0,31.0,49.285714285714285,4,6
2023-06-09,3,A,27,0,0,50.0,30.0,48.857142857142854,4,6
2023-06-09,2,B,36,0,0,27.0,50.0,46.857142857142854,4,6
2023-06-09,1,A,43,1,0,36.0,47.0,46.285714285714285,4,6
2023-06-09,1,D,39,1,0,43.0,59.0,43.42857142857143,4,6
2023-06-09,3,D,55,1,0,39.0,65.0,42.0,4,6
2023-06-09,3,B,53,1,0,55.0,44.0,43.285714285714285,4,6
2023-06-09,2,D,22,0,0,53.0,50.0,39.285714285714285,4,6
2023-06-10,3,D,52,0,0,22.0,27.0,42.857142857142854,5,6
2023-06-10,3,B,40,0,0,52.0,36.0,43.42857142857143,5,6
2023-06-10,2,D,49,1,0,40.0,43.0,44.285714285714285,5,6
2023-06-10,1,C,65,0,0,49.0,39.0,48.0,5,6
2023-06-10,1,A,61,1,0,65.0,55.0,48.857142857142854,5,6
2023-06-10,2,C,57,0,0,61.0,53.0,49.42857142857143,5,6
2023-06-10,3,C,50,0,0,57.0,22.0,53.42857142857143,5,6
2023-06-10,1,B,61,0,0,50.0,52.0,54.714285714285715,5,6
2023-06-10,2,B,52,0,0,61.0,40.0,56.42857142857143,5,6
2023-06-10,2,A,72,0,0,52.0,49.0,59.714285714285715,5,6
2023-06-10,1,D,36,0,0,72.0,65.0,55.57142857142857,5,6
2023-06-10,3,A,58,1,0,36.0,61.0,55.142857142857146,5,6
2023-06-11,3,C,42,0,0,58.0,57.0,53.0,6,6
2023-06-11,1,C,57,0,0,42.0,50.0,54.0,6,6
2023-06-11,2,C,47,0,0,57.0,61.0,52.0,6,6
2023-06-11,1,D,36,0,0,47.0,52.0,49.714285714285715,6,6
2023-06-11,3,D,51,0,0,36.0,72.0,46.714285714285715,6,6
2023-06-11,1,A,39,0,0,51.0,36.0,47.142857142857146,6,6
2023-06-11,3,A,31,0,0,39.0,58.0,43.285714285714285,6,6
2023-06-11,2,A,64,0,0,31.0,42.0,46.42857142857143,6,6
2023-06-11,3,B,51,0,0,64.0,57.0,45.57142857142857,6,6
2023-06-11,1,B,62,0,0,51.0,47.0,47.714285714285715,6,6
2023-06-11,2,D,45,0,0,62.0,36.0,49.0,6,6
2023-06-11,2,B,52,0,0,45.0,51.0,49.142857142857146,6,6
2023-06-12,3,D,38,0,0,52.0,39.0,49.0,0,6
2023-06-12,2,C,37,0,0,38.0,31.0,49.857142857142854,0,6
2023-06-12,1,C,47,0,0,37.0,64.0,47.42857142857143,0,6
2023-06-12,2,B,36,0,0,47.0,51.0,45.285714285714285,0,6
2023-06-12,1,B,51,0,0,36.0,62.0,43.714285714285715,0,6
2023-06-12,1,A,29,0,0,51.0,45.0,41.42857142857143,0,6
2023-06-12,2,D,30,0,0,29.0,52.0,38.285714285714285,0,6
2023-06-12,3,A,52,1,0,30.0,38.0,40.285714285714285,0,6
2023-06-12,1,D,18,0,0,52.0,37.0,37.57142857142857,0,6
2023-06-12,3,C,37,0,0,18.0,47.0,36.142857142857146,0,6
2023-06-12,3,B,34,0,0,37.0,36.0,35.857142857142854,0,6
2023-06-12,2,A,53,0,0,34.0,51.0,36.142857142857146,0,6
2023-06-13,2,B,29,0,0,53.0,29.0,36.142857142857146,1,6
2023-06-13,1,D,22,0,0,29.0,30.0,35.0,1,6
2023-06-13,2,C,43,0,0,22.0,52.0,33.714285714285715,1,6
2023-06-13,1,C,45,0,0,43.0,18.0,37.57142857142857,1,6
2023-06-13,2,D,29,0,0,45.0,37.0,36.42857142857143,1,6
2023-06-13,3,A,26,0,0,29.0,34.0,35.285714285714285,1,6
2023-06-13,1,A,41,1,0,26.0,53.0,33.57142857142857,1,6
2023-06-13,3,C,29,0,0,41.0,29.0,33.57142857142857,1,6
2023-06-13,3,D,53,1,0,29.0,22.0,38.0,1,6
2023-06-13,1,B,57,0,0,53.0,43.0,40.0,1,6
2023-06-13,2,A,72,1,0,57.0,45.0,43.857142857142854,1,6
2023-06-13,3,B,35,0,0,72.0,29.0,44.714285714285715,1,6
2023-06-14,3,B,50,1,0,35.0,26.0,48.142857142857146,2,6
2023-06-14,2,B,34,0,0,50.0,41.0,47.142857142857146,2,6
2023-06-14,1,B,49,0,0,34.0,29.0,50.0,2,6
2023-06-14,3,D,40,0,0,49.0,53.0,48.142857142857146,2,6
2023-06-14,3,C,37,0,0,40.0,57.0,45.285714285714285,2,6
2023-06-14,2,C,34,0,0,37.0,72.0,39.857142857142854,2,6
2023-06-14,1,A,30,0,0,34.0,35.0,39.142857142857146,2,6
2023-06-14,1,C,43,0,0,30.0,50.0,38.142857142857146,2,6
2023-06-14,2,D,16,0,0,43.0,34.0,35.57142857142857,2,6
2023-06-14,3,A,28,0,0,16.0,49.0,32.57142857142857,2,6
2023-06-14,2,A,78,1,0,28.0,40.0,38.0,2,6
2023-06-14,1,D,36,1,0,78.0,37.0,37.857142857142854,2,6
2023-06-15,2,B,36,0,0,36.0,34.0,38.142857142857146,3,6
2023-06-15,1,C,40,0,0,36.0,30.0,39.57142857142857,3,6
2023-06-15,2,D,28,0,0,40.0,43.0,37.42857142857143,3,6
2023-06-15,1,D,18,0,0,28.0,16.0,37.714285714285715,3,6
2023-06-15,2,C,31,0,0,18.0,28.0,38.142857142857146,3,6
2023-06-15,2,A,53,0,0,31.0,78.0,34.57142857142857,3,6
2023-06-15,3,B,35,0,0,53.0,36.0,34.42857142857143,3,6
2023-06-15,3,A,40,0,0,35.0,36.0,35.0,3,6
2023-06-15,1,B,42,0,0,40.0,40.0,35.285714285714285,3,6
2023-06-15,3,D,41,0,0,42.0,28.0,37.142857142857146,3,6
2023-06-15,3,C,30,0,0,41.0,18.0,38.857142857142854,3,6
2023-06-15,1,A,33,0,0,30.0,31.0,39.142857142857146,3,6
2023-06-16,1,D,26,0,0,33.0,53.0,35.285714285714285,4,6
2023-06-16,3,D,48,1,0,26.0,35.0,37.142857142857146,4,6
2023-06-16,1,B,39,0,0,48.0,40.0,37.0,4,6
2023-06-16,3,B,42,0,0,39.0,42.0,37.0,4,6
2023-06-16,3,C,41,0,0,42.0,41.0,37.0,4,6
2023-06-16,1,A,25,0,0,41.0,30.0,36.285714285714285,4,6
2023-06-16,3,A,50,1,0,25.0,33.0,38.714285714285715,4,6
2023-06-16,2,A,57,0,0,50.0,26.0,43.142857142857146,4,6
2023-06-16,2,C,39,0,0,57.0,48.0,41.857142857142854,4,6
2023-06-16,2,D,28,0,0,39.0,39.0,40.285714285714285,4,6
2023-06-16,1,C,64,1,0,28.0,42.0,43.42857142857143,4,6
2023-06-16,2,B,47,0,0,64.0,41.0,44.285714285714285,4,6
2023-06-17,3,A,39,0,0,47.0,25.0,46.285714285714285,5,6
2023-06-17,1,C,58,0,0,39.0,50.0,47.42857142857143,5,6
2023-06-17,3,B,52,0,0,58.0,57.0,46.714285714285715,5,6
2023-06-17,1,D,35,0,0,52.0,39.0,46.142857142857146,5,6
2023-06-17,2,B,36,0,0,35.0,28.0,47.285714285714285,5,6
2023-06-17,1,B,60,0,0,36.0,64.0,46.714285714285715,5,6
2023-06-17,2,C,51,0,0,60.0,47.0,47.285714285714285,5,6
2023-06-17,3,C,71,1,0,51.0,39.0,51.857142857142854,5,6
2023-06-17,1,A,30,0,0,71.0,58.0,47.857142857142854,5,6
2023-06-17,2,A,96,1,0,30.0,52.0,54.142857142857146,5,6
2023-06-17,2,D,34,0,0,96.0,35.0,54.0,5,6
2023-06-17,3,D,72,1,0,34.0,36.0,59.142857142857146,5,6
2023-06-18,1,D,33,0,0,72.0,60.0,55.285714285714285,6,6
2023-06-18,1,B,68,0,0,33.0,51.0,57.714285714285715,6,6
2023-06-18,1,C,64,0,0,68.0,71.0,56.714285714285715,6,6
2023-06-18,3,B,41,0,0,64.0,30.0,58.285714285714285,6,6
2023-06-18,3,C,71,1,0,41.0,96.0,54.714285714285715,6,6
2023-06-18,2,D,28,0,0,71.0,34.0,53.857142857142854,6,6
2023-06-18,2,C,49,0,0,28.0,72.0,50.57142857142857,6,6
2023-06-18,3,A,44,0,0,49.0,33.0,52.142857142857146,6,6
2023-06-18,2,A,66,0,0,44.0,68.0,51.857142857142854,6,6
2023-06-18,1,A,43,0,0,66.0,64.0,48.857142857142854,6,6
2023-06-18,2,B,45,0,0,43.0,41.0,49.42857142857143,6,6
2023-06-18,3,D,36,0,0,45.0,71.0,44.42857142857143,6,6
2023-06-19,3,B,22,0,0,36.0,28.0,43.57142857142857,0,6
2023-06-19,2,A,52,0,0,22.0,49.0,44.0,0,6
2023-06-19,2,D,26,0,0,52.0,44.0,41.42857142857143,0,6
2023-06-19,1,A,21,0,0,26.0,66.0,35.0,0,6
2023-06-19,3,C,41,0,0,21.0,43.0,34.714285714285715,0,6
2023-06-19,2,C,36,0,0,41.0,45.0,33.42857142857143,0,6
2023-06-19,1,B,43,0,0,36.0,36.0,34.42857142857143,0,6
2023-06-19,2,B,38,0,0,43.0,22.0,36.714285714285715,0,6
2023-06-19,3,D,39,0,0,38.0,52.0,34.857142857142854,0,6
2023-06-19,1,D,31,1,0,39.0,26.0,35.57142857142857,0,6
2023-06-19,1,C,34,0,0,31.0,21.0,37.42857142857143,0,6
2023-06-19,3,A,27,0,0,34.0,41.0,35.42857142857143,0,6
2023-06-20,2,C,40,0,0,27.0,36.0,36.0,1,6
2023-06-20,1,B,79,1,0,40.0,43.0,41.142857142857146,1,6
2023-06-20,3,B,35,0,0,79.0,38.0,40.714285714285715,1,6
2023-06-20,3,C,30,0,0,35.0,39.0,39.42857142857143,1,6
2023-06-20,1,A,22,0,0,30.0,31.0,38.142857142857146,1,6
2023-06-20,1,C,39,0,0,22.0,34.0,38.857142857142854,1,6
2023-06-20,3,D,31,0,0,39.0,27.0,39.42857142857143,1,6
2023-06-20,2,D,27,0,0,31.0,40.0,37.57142857142857,1,6
2023-06-20,3,A,36,0,0,27.0,79.0,31.428571428571427,1,6
2023-06-20,1,D,36,0,0,36.0,35.0,31.571428571428573,1,6
2023-06-20,2,B,35,0,0,36.0,30.0,32.285714285714285,1,6
2023-06-20,2,A,50,0,0,35.0,22.0,36.285714285714285,1,6
2023-06-21,3,D,39,0,0,50.0,39.0,36.285714285714285,2,6
2023-06-21,2,B,36,0,0,39.0,31.0,37.0,2,6
2023-06-21,1,D,22,0,0,36.0,27.0,36.285714285714285,2,6
2023-06-21,3,B,34,0,0,22.0,36.0,36.0,2,6
2023-06-21,2,A,47,0,0,34.0,36.0,37.57142857142857,2,6
2023-06-21,1,A,24,0,0,47.0,35.0,36.0,2,6
2023-06-21,1,C,71,1,0,24.0,50.0,39.0,2,6
2023-06-21,2,C,55,1,0,71.0,39.0,41.285714285714285,2,6
2023-06-21,1,B,53,0,0,55.0,36.0,43.714285714285715,2,6
2023-06-21,3,C,42,0,0,53.0,22.0,46.57142857142857,2,6
2023-06-21,3,A,28,0,0,42.0,34.0,45.714285714285715,2,6
2023-06-21,2,D,23,0,0,28.0,47.0,42.285714285714285,2,6
2023-06-22,2,A,55,0,0,23.0,24.0,46.714285714285715,3,6
2023-06-22,1,B,49,0,0,55.0,71.0,43.57142857142857,3,6
2023-06-22,3,C,31,0,0,49.0,55.0,40.142857142857146,3,6
2023-06-22,3,D,36,0,0,31.0,53.0,37.714285714285715,3,6
2023-06-22,1,A,31,0,0,36.0,42.0,36.142857142857146,3,6
2023-06-22,3,A,45,1,0,31.0,28.0,38.57142857142857,3,6
2023-06-22,3,B,34,0,0,45.0,23.0,40.142857142857146,3,6
2023-06-22,2,B,31,0,0,34.0,55.0,36.714285714285715,3,6
2023-06-22,1,D,31,0,0,31.0,49.0,34.142857142857146,3,6
2023-06-22,2,D,27,0,0,31.0,31.0,33.57142857142857,3,6
2023-06-22,1,C,48,0,0,27.0,36.0,35.285714285714285,3,6
2023-06-22,2,C,37,0,0,48.0,31.0,36.142857142857146,3,6
2023-06-23,3,C,25,0,0,37.0,45.0,33.285714285714285,4,6
2023-06-23,3,A,40,0,0,25.0,34.0,34.142857142857146,4,6
2023-06-23,1,B,42,0,0,40.0,31.0,35.714285714285715,4,6
2023-06-23,2,C,37,0,0,42.0,31.0,36.57142857142857,4,6
2023-06-23,2,A,76,1,0,37.0,27.0,43.57142857142857,4,6
2023-06-23,1,A,27,0,0,76.0,48.0,40.57142857142857,4,6
2023-06-23,1,C,41,0,0,27.0,37.0,41.142857142857146,4,6
2023-06-23,2,B,39,0,0,41.0,25.0,43.142857142857146,4,6
2023-06-23,2,D,28,0,0,39.0,40.0,41.42857142857143,4,6
2023-06-23,3,D,39,0,0,28.0,42.0,41.0,4,6
2023-06-23,1,D,46,1,0,39.0,37.0,42.285714285714285,4,6
2023-06-23,3,B,33,0,0,46.0,76.0,36.142857142857146,4,6
2023-06-24,1,A,37,0,0,33.0,27.0,37.57142857142857,5,6
2023-06-24,2,A,91,1,0,37.0,41.0,44.714285714285715,5,6
2023-06-24,2,C,51,0,0,91.0,39.0,46.42857142857143,5,6
2023-06-24,2,D,31,0,0,51.0,28.0,46.857142857142854,5,6
2023-06-24,3,C,51,0,0,31.0,39.0,48.57142857142857,5,6
2023-06-24,3,A,46,0,0,51.0,46.0,48.57142857142857,5,6
2023-06-24,3,D,80,1,0,46.0,33.0,55.285714285714285,5,6
2023-06-24,2,B,45,0,0,80.0,37.0,56.42857142857143,5,6
2023-06-24,1,B,94,1,0,45.0,91.0,56.857142857142854,5,6
2023-06-24,1,C,59,0,0,94.0,51.0,58.0,5,6
2023-06-24,1,D,32,0,0,59.0,31.0,58.142857142857146,5,6
2023-06-24,3,B,41,0,0,32.0,51.0,56.714285714285715,5,6
2023-06-25,1,B,64,0,0,41.0,46.0,59.285714285714285,6,6
2023-06-25,2,C,46,0,0,64.0,80.0,54.42857142857143,6,6
2023-06-25,3,D,44,0,0,46.0,45.0,54.285714285714285,6,6
2023-06-25,2,B,46,0,0,44.0,94.0,47.42857142857143,6,6
2023-06-25,1,C,65,0,0,46.0,59.0,48.285714285714285,6,6
2023-06-25,1,A,39,0,0,65.0,32.0,49.285714285714285,6,6
2023-06-25,2,D,27,0,0,39.0,41.0,47.285714285714285,6,6
2023-06-25,3,A,36,0,0,27.0,64.0,43.285714285714285,6,6
2023-06-25,2,A,60,0,0,36.0,46.0,45.285714285714285,6,6
2023-06-25,3,B,58,0,0,60.0,44.0,47.285714285714285,6,6
2023-06-25,3,C,54,0,0,58.0,46.0,48.42857142857143,6,6
2023-06-25,1,D,36,0,0,54.0,65.0,44.285714285714285,6,6
2023-06-26,1,D,19,0,0,36.0,39.0,41.42857142857143,0,6
2023-06-26,3,A,52,1,0,19.0,27.0,45.0,0,6
2023-06-26,2,A,49,0,0,52.0,36.0,46.857142857142854,0,6
2023-06-26,3,B,45,0,0,49.0,60.0,44.714285714285715,0,6
2023-06-26,2,B,58,1,0,45.0,58.0,44.714285714285715,0,6
2023-06-26,2,D,16,0,0,58.0,54.0,39.285714285714285,0,6
2023-06-26,3,D,36,0,0,16.0,36.0,39.285714285714285,0,6
2023-06-26,1,A,36,0,0,36.0,19.0,41.714285714285715,0,6
2023-06-26,3,C,57,1,0,36.0,52.0,42.42857142857143,0,6
2023-06-26,1,C,44,0,0,57.0,49.0,41.714285714285715,0,6
2023-06-26,2,C,58,1,0,44.0,45.0,43.57142857142857,0,6
2023-06-26,1,B,52,0,0,58.0,58.0,42.714285714285715,0,6
2023-06-27,3,B,34,0,0,52.0,16.0,45.285714285714285,1,6
2023-06-27,1,C,47,0,0,34.0,36.0,46.857142857142854,1,6
2023-06-27,2,A,48,0,0,47.0,36.0,48.57142857142857,1,6
2023-06-27,1,B,44,0,0,48.0,57.0,46.714285714285715,1,6
2023-06-27,2,C,27,0,0,44.0,44.0,44.285714285714285,1,6
2023-06-27,1,D,24,0,0,27.0,58.0,39.42857142857143,1,6
2023-06-27,2,D,23,0,0,24.0,52.0,35.285714285714285,1,6
2023-06-27,1,A,31,0,0,23.0,34.0,34.857142857142854,1,6
2023-06-27,2,B,33,0,0,31.0,47.0,32.857142857142854,1,6
2023-06-27,3,D,38,0,0,33.0,48.0,31.428571428571427,1,6
2023-06-27,3,A,25,0,0,38.0,44.0,28.714285714285715,1,6
2023-06-27,3,C,41,0,0,25.0,27.0,30.714285714285715,1,6
2023-06-28,3,B,36,0,0,41.0,24.0,32.42857142857143,2,6
2023-06-28,1,D,28,0,0,36.0,23.0,33.142857142857146,2,6
2023-06-28,3,C,46,0,0,28.0,31.0,35.285714285714285,2,6
2023-06-28,2,A,44,0,0,46.0,33.0,36.857142857142854,2,6
2023-06-28,1,A,33,0,0,44.0,38.0,36.142857142857146,2,6
2023-06-28,1,B,82,1,0,33.0,25.0,44.285714285714285,2,6
2023-06-28,3,A,38,0,0,82.0,41.0,43.857142857142854,2,6
2023-06-28,1,C,69,1,0,38.0,36.0,48.57142857142857,2,6
2023-06-28,2,C,33,0,0,69.0,28.0,49.285714285714285,2,6
2023-06-28,2,D,20,0,0,33.0,46.0,45.57142857142857,2,6
2023-06-28,2,B,41,0,0,20.0,44.0,45.142857142857146,2,6
2023-06-28,3,D,31,0,0,41.0,33.0,44.857142857142854,2,6
2023-06-29,1,A,29,0,0,31.0,82.0,37.285714285714285,3,6
2023-06-29,2,C,41,0,0,29.0,38.0,37.714285714285715,3,6
2023-06-29,3,A,36,0,0,41.0,69.0,33.0,3,6
2023-06-29,1,B,52,0,0,36.0,33.0,35.714285714285715,3,6
2023-06-29,3,C,56,1,0,52.0,20.0,40.857142857142854,3,6
2023-06-29,3,D,41,0,0,56.0,41.0,40.857142857142854,3,6
2023-06-29,1,C,53,0,0,41.0,31.0,44.0,3,6
2023-06-29,2,A,45,0,0,53.0,29.0,46.285714285714285,3,6
2023-06-29,2,D,23,0,0,45.0,41.0,43.714285714285715,3,6
2023-06-29,3,B,41,0,0,23.0,36.0,44.42857142857143,3,6
2023-06-29,1,D,26,0,0,41.0,52.0,40.714285714285715,3,6
2023-06-29,2,B,46,1,0,26.0,56.0,39.285714285714285,3,6
2023-06-30,1,A,34,0,0,46.0,41.0,38.285714285714285,4,6
2023-06-30,2,C,36,0,0,34.0,53.0,35.857142857142854,4,6
2023-06-30,2,D,27,0,0,36.0,45.0,33.285714285714285,4,6
2023-06-30,3,C,43,0,0,27.0,23.0,36.142857142857146,4,6
2023-06-30,1,D,29,0,0,43.0,41.0,34.42857142857143,4,6
2023-06-30,3,A,39,0,0,29.0,26.0,36.285714285714285,4,6
2023-06-30,3,D,44,0,0,39.0,46.0,36.0,4,6
2023-06-30,1,B,52,0,0,44.0,34.0,38.57142857142857,4,6
2023-06-30,2,B,36,0,0,52.0,36.0,38.57142857142857,4,6
2023-06-30,3,B,36,0,0,36.0,27.0,39.857142857142854,4,6
2023-06-30,2,A,59,0,0,36.0,43.0,42.142857142857146,4,6
2023-06-30,1,C,77,1,0,59.0,29.0,49.0,4,6
2023-07-01,3,D,49,0,0,77.0,39.0,50.42857142857143,5,7
2023-07-01,1,D,49,1,0,49.0,44.0,51.142857142857146,5,7
2023-07-01,1,A,41,0,0,49.0,52.0,49.57142857142857,5,7
2023-07-01,3,B,68,1,0,41.0,36.0,54.142857142857146,5,7
2023-07-01,1,C,61,0,0,68.0,36.0,57.714285714285715,5,7
2023-07-01,2,C,48,0,0,61.0,59.0,56.142857142857146,5,7
2023-07-01,2,D,34,0,0,48.0,77.0,50.0,5,7
2023-07-01,1,B,101,1,0,34.0,49.0,57.42857142857143,5,7
2023-07-01,2,B,41,0,0,101.0,49.0,56.285714285714285,5,7
2023-07-01,3,A,41,0,0,41.0,41.0,56.285714285714285,5,7
2023-07-01,2,A,71,0,0,41.0,68.0,56.714285714285715,5,7
2023-07-01,3,C,53,0,0,71.0,61.0,55.57142857142857,5,7
2023-07-02,1,A,35,0,0,53.0,48.0,53.714285714285715,6,7
2023-07-02,1,B,72,0,0,35.0,34.0,59.142857142857146,6,7
2023-07-02,2,D,30,0,0,72.0,101.0,49.0,6,7
2023-07-02,2,A,72,0,0,30.0,41.0,53.42857142857143,6,7
2023-07-02,3,B,40,0,0,72.0,41.0,53.285714285714285,6,7
2023-07-02,1,D,39,0,0,40.0,71.0,48.714285714285715,6,7
2023-07-02,1,C,61,0,0,39.0,53.0,49.857142857142854,6,7
2023-07-02,3,C,74,1,0,61.0,35.0,55.42857142857143,6,7
2023-07-02,3,D,57,0,0,74.0,72.0,53.285714285714285,6,7
2023-07-02,3,A,41,0,0,57.0,30.0,54.857142857142854,6,7
2023-07-02,2,C,54,0,0,41.0,72.0,52.285714285714285,6,7
2023-07-02,2,B,40,0,0,54.0,40.0,52.285714285714285,6,7
2023-07-03,1,B,51,0,0,40.0,39.0,54.0,0,7
2023-07-03,2,D,21,0,0,51.0,61.0,48.285714285714285,0,7
2023-07-03,1,A,44,0,0,21.0,74.0,44.0,0,7
2023-07-03,1,D,21,0,0,44.0,57.0,38.857142857142854,0,7
2023-07-03,3,C,42,0,0,21.0,41.0,39.0,0,7
2023-07-03,3,A,40,1,0,42.0,54.0,37.0,0,7
2023-07-03,3,D,40,0,0,40.0,40.0,37.0,0,7
2023-07-03,3,B,36,0,0,40.0,51.0,34.857142857142854,0,7
2023-07-03,2,B,44,0,0,36.0,21.0,38.142857142857146,0,7
2023-07-03,2,C,64,1,0,44.0,44.0,41.0,0,7
2023-07-03,1,C,42,0,0,64.0,21.0,44.0,0,7
2023-07-03,2,A,58,0,0,42.0,42.0,46.285714285714285,0,7
2023-07-04,2,D,23,0,0,58.0,40.0,43.857142857142854,1,7
2023-07-04,1,B,54,0,0,23.0,40.0,45.857142857142854,1,7
2023-07-04,2,B,29,0,0,54.0,36.0,44.857142857142854,1,7
2023-07-04,1,D,41,1,0,29.0,44.0,44.42857142857143,1,7
2023-07-04,3,A,22,0,0,41.0,64.0,38.42857142857143,1,7
2023-07-04,2,A,49,0,0,22.0,42.0,39.42857142857143,1,7
2023-07-04,1,A,30,0,0,49.0,58.0,35.42857142857143,1,7
2023-07-04,2,C,42,0,0,30.0,23.0,38.142857142857146,1,7
2023-07-04,3,D,38,0,0,42.0,54.0,35.857142857142854,1,7
2023-07-04,3,B,48,1,0,38.0,29.0,38.57142857142857,1,7
2023-07-04,1,C,46,0,0,48.0,41.0,39.285714285714285,1,7
2023-07-04,3,C,33,0,0,46.0,22.0,40.857142857142854,1,7
2023-07-05,3,C,46,0,0,33.0,49.0,40.42857142857143,2,7
2023-07-05,3,B,42,0,0,46.0,30.0,42.142857142857146,2,7
2023-07-05,2,D,32,0,0,42.0,42.0,40.714285714285715,2,7
2023-07-05,2,B,35,0,0,32.0,38.0,40.285714285714285,2,7
2023-07-05,3,D,42,0,0,35.0,48.0,39.42857142857143,2,7
2023-07-05,1,D,23,0,0,42.0,46.0,36.142857142857146,2,7
2023-07-05,3,A,39,0,0,23.0,33.0,37.0,2,7
2023-07-05,1,B,47,0,0,39.0,46.0,37.142857142857146,2,7
2023-07-05,2,C,38,0,0,47.0,42.0,36.57142857142857,2,7
2023-07-05,1,A,28,0,0,38.0,32.0,36.0,2,7
2023-07-05,1,C,49,0,0,28.0,35.0,38.0,2,7
2023-07-05,2,A,53,0,0,49.0,42.0,39.57142857142857,2,7
2023-07-06,2,C,36,0,0,53.0,23.0,41.42857142857143,3,7
2023-07-06,2,D,28,1,0,36.0,39.0,39.857142857142854,3,7
2023-07-06,3,A,30,0,0,28.0,47.0,37.42857142857143,3,7
2023-07-06,2,A,40,0,0,30.0,38.0,37.714285714285715,3,7
2023-07-06,3,C,58,1,0,40.0,28.0,42.0,3,7
2023-07-06,3,B,36,0,0,58.0,49.0,40.142857142857146,3,7
2023-07-06,1,C,41,0,0,36.0,53.0,38.42857142857143,3,7
2023-07-06,2,B,28,0,0,41.0,36.0,37.285714285714285,3,7
2023-07-06,1,A,24,0,0,28.0,28.0,36.714285714285715,3,7
2023-07-06,1,B,59,0,0,24.0,30.0,40.857142857142854,3,7
2023-07-06,3,D,36,0,0,59.0,40.0,40.285714285714285,3,7
2023-07-06,1,D,18,0,0,36.0,58.0,34.57142857142857,3,7
2023-07-07,2,B,41,0,0,18.0,36.0,35.285714285714285,4,7
2023-07-07,3,C,37,0,0,41.0,41.0,34.714285714285715,4,7
2023-07-07,1,C,46,0,0,37.0,28.0,37.285714285714285,4,7
2023-07-07,1,B,51,0,0,46.0,24.0,41.142857142857146,4,7
2023-07-07,1,A,28,0,0,51.0,59.0,36.714285714285715,4,7
2023-07-07,2,A,53,0,0,28.0,36.0,39.142857142857146,4,7
2023-07-07,1,D,29,0,0,53.0,18.0,40.714285714285715,4,7
2023-07-07,3,D,55,1,0,29.0,41.0,42.714285714285715,4,7
2023-07-07,2,C,35,0,0,55.0,37.0,42.42857142857143,4,7
2023-07-07,3,A,24,0,0,35.0,46.0,39.285714285714285,4,7
2023-07-07,3,B,39,0,0,24.0,51.0,37.57142857142857,4,7
2023-07-07,2,D,23,0,0,39.0,28.0,36.857142857142854,4,7
2023-07-08,1,A,30,0,0,23.0,53.0,33.57142857142857,5,7
2023-07-08,3,B,45,0,0,30.0,29.0,35.857142857142854,5,7
2023-07-08,3,D,76,1,0,45.0,55.0,38.857142857142854,5,7
2023-07-08,3,C,43,0,0,76.0,35.0,40.0,5,7
2023-07-08,3,A,37,0,0,43.0,24.0,41.857142857142854,5,7
2023-07-08,1,C,66,0,0,37.0,39.0,45.714285714285715,5,7
2023-07-08,1,B,62,0,0,66.0,23.0,51.285714285714285,5,7
2023-07-08,2,D,43,1,0,62.0,30.0,53.142857142857146,5,7
2023-07-08,1,D,21,0,0,43.0,45.0,49.714285714285715,5,7
2023-07-08,2,C,51,0,0,21.0,76.0,46.142857142857146,5,7
2023-07-08,2,A,62,0,0,51.0,43.0,48.857142857142854,5,7
2023-07-08,2,B,43,0,0,62.0,37.0,49.714285714285715,5,7
2023-07-09,1,A,57,1,0,43.0,66.0,48.42857142857143,6,7
2023-07-09,3,D,58,0,0,57.0,62.0,47.857142857142854,6,7
2023-07-09,2,D,37,0,0,58.0,43.0,47.0,6,7
2023-07-09,3,C,48,0,0,37.0,21.0,50.857142857142854,6,7
2023-07-09,3,B,51,0,0,48.0,51.0,50.857142857142854,6,7
2023-07-09,2,C,45,0,0,51.0,62.0,48.42857142857143,6,7
2023-07-09,3,A,35,0,0,45.0,43.0,47.285714285714285,6,7
2023-07-09,2,B,51,0,0,35.0,57.0,46.42857142857143,6,7
2023-07-09,2,A,63,0,0,51.0,58.0,47.142857142857146,6,7
2023-07-09,1,D,48,1,0,63.0,37.0,48.714285714285715,6,7
2023-07-09,1,B,63,0,0,48.0,48.0,50.857142857142854,6,7
2023-07-09,1,C,57,0,0,63.0,51.0,51.714285714285715,6,7
2023-07-10,3,D,33,0,0,57.0,45.0,50.0,0,7
2023-07-10,2,A,77,1,0,33.0,35.0,56.0,0,7
2023-07-10,2,B,56,1,0,77.0,51.0,56.714285714285715,0,7
2023-07-10,1,D,21,0,0,56.0,63.0,50.714285714285715,0,7
2023-07-10,2,C,43,0,0,21.0,48.0,50.0,0,7
2023-07-10,1,B,41,0,0,43.0,63.0,46.857142857142854,0,7
2023-07-10,3,B,33,0,0,41.0,57.0,43.42857142857143,0,7
2023-07-10,3,A,48,1,0,33.0,33.0,45.57142857142857,0,7
2023-07-10,3,C,35,0,0,48.0,77.0,39.57142857142857,0,7
2023-07-10,1,A,37,0,0,35.0,56.0,36.857142857142854,0,7
2023-07-10,1,C,42,0,0,37.0,21.0,39.857142857142854,0,7
2023-07-10,2,D,39,1,0,42.0,43.0,39.285714285714285,0,7
2023-07-11,3,C,33,0,0,39.0,41.0,38.142857142857146,1,7
2023-07-11,1,D,32,0,0,33.0,33.0,38.0,1,7
2023-07-11,2,B,46,0,0,32.0,48.0,37.714285714285715,1,7
2023-07-11,1,B,48,0,0,46.0,35.0,39.57142857142857,1,7
2023-07-11,3,A,33,0,0,48.0,37.0,39.0,1,7
2023-07-11,1,A,45,1,0,33.0,42.0,39.42857142857143,1,7
2023-07-11,2,C,41,0,0,45.0,39.0,39.714285714285715,1,7
2023-07-11,2,A,76,1,0,41.0,33.0,45.857142857142854,1,7
2023-07-11,3,D,31,0,0,76.0,32.0,45.714285714285715,1,7
2023-07-11,2,D,38,1,0,31.0,46.0,44.57142857142857,1,7
2023-07-11,3,B,56,1,0,38.0,48.0,45.714285714285715,1,7
2023-07-11,1,C,45,0,0,56.0,33.0,47.42857142857143,1,7
2023-07-12,3,A,52,1,0,45.0,45.0,48.42857142857143,2,7
2023-07-12,3,D,39,0,0,52.0,41.0,48.142857142857146,2,7
2023-07-12,2,D,20,0,0,39.0,76.0,40.142857142857146,2,7
2023-07-12,1,C,52,0,0,20.0,31.0,43.142857142857146,2,7
2023-07-12,3,C,38,0,0,52.0,38.0,43.142857142857146,2,7
2023-07-12,2,B,27,0,0,38.0,56.0,39.0,2,7
2023-07-12,1,B,38,0,0,27.0,45.0,38.0,2,7
2023-07-12,1,D,43,1,0,38.0,52.0,36.714285714285715,2,7
2023-07-12,2,C,56,1,0,43.0,39.0,39.142857142857146,2,7
2023-07-12,2,A,48,0,0,56.0,20.0,43.142857142857146,2,7
2023-07-12,3,B,34,0,0,48.0,52.0,40.57142857142857,2,7
2023-07-12,1,A,29,0,0,34.0,38.0,39.285714285714285,2,7
2023-07-13,1,C,42,0,0,29.0,27.0,41.42857142857143,3,7
2023-07-13,2,B,30,0,0,42.0,38.0,40.285714285714285,3,7
2023-07-13,1,D,21,0,0,30.0,43.0,37.142857142857146,3,7
2023-07-13,2,C,36,0,0,21.0,56.0,34.285714285714285,3,7
2023-07-13,2,A,48,0,0,36.0,48.0,34.285714285714285,3,7
2023-07-13,3,B,35,0,0,48.0,34.0,34.42857142857143,3,7
2023-07-13,2,D,19,0,0,35.0,29.0,33.0,3,7
2023-07-13,3,A,30,0,0,19.0,42.0,31.285714285714285,3,7
2023-07-13,1,A,43,1,0,30.0,30.0,33.142857142857146,3,7
2023-07-13,1,B,54,0,0,43.0,21.0,37.857142857142854,3,7
2023-07-13,3,C,35,0,0,54.0,36.0,37.714285714285715,3,7
2023-07-13,3,D,27,0,0,35.0,48.0,34.714285714285715,3,7
2023-07-14,3,C,38,0,0,27.0,35.0,35.142857142857146,4,7
2023-07-14,3,B,41,0,0,38.0,19.0,38.285714285714285,4,7
2023-07-14,2,C,36,0,0,41.0,30.0,39.142857142857146,4,7
2023-07-14,1,D,20,0,0,36.0,43.0,35.857142857142854,4,7
2023-07-14,1,B,53,0,0,20.0,54.0,35.714285714285715,4,7
2023-07-14,1,C,40,0,0,53.0,35.0,36.42857142857143,4,7
2023-07-14,1,A,26,0,0,40.0,27.0,36.285714285714285,4,7
2023-07-14,3,A,50,1,0,26.0,38.0,38.0,4,7
2023-07-14,3,D,35,0,0,50.0,41.0,37.142857142857146,4,7
2023-07-14,2,A,46,0,0,35.0,36.0,38.57142857142857,4,7
2023-07-14,2,B,58,1,0,46.0,20.0,44.0,4,7
2023-07-14,2,D,27,0,0,58.0,53.0,40.285714285714285,4,7
2023-07-15,2,A,59,0,0,27.0,40.0,43.0,5,7
2023-07-15,1,D,49,1,0,59.0,26.0,46.285714285714285,5,7
2023-07-15,2,B,47,0,0,49.0,50.0,45.857142857142854,5,7
2023-07-15,3,B,43,0,0,47.0,35.0,47.0,5,7
2023-07-15,1,C,93,1,0,43.0,46.0,53.714285714285715,5,7
2023-07-15,2,D,32,0,0,93.0,58.0,50.0,5,7
2023-07-15,1,B,61,0,0,32.0,27.0,54.857142857142854,5,7
2023-07-15,1,A,49,1,0,61.0,59.0,53.42857142857143,5,7
2023-07-15,3,D,48,0,0,49.0,49.0,53.285714285714285,5,7
2023-07-15,3,A,48,0,0,48.0,47.0,53.42857142857143,5,7
2023-07-15,3,C,50,0,0,48.0,43.0,54.42857142857143,5,7
2023-07-15,2,C,74,1,0,50.0,93.0,51.714285714285715,5,7
2023-07-16,1,C,70,0,0,74.0,32.0,57.142857142857146,6,7
2023-07-16,3,B,49,0,0,70.0,61.0,55.42857142857143,6,7
2023-07-16,2,D,28,0,0,49.0,49.0,52.42857142857143,6,7
2023-07-16,3,C,51,0,0,28.0,48.0,52.857142857142854,6,7
2023-07-16,2,B,44,0,0,51.0,48.0,52.285714285714285,6,7
2023-07-16,1,D,46,1,0,44.0,50.0,51.714285714285715,6,7
2023-07-16,2,A,92,1,0,46.0,74.0,54.285714285714285,6,7
2023-07-16,2,C,50,0,0,92.0,70.0,51.42857142857143,6,7
2023-07-16,1,A,29,0,0,50.0,49.0,48.57142857142857,6,7
2023-07-16,3,D,70,1,0,29.0,28.0,54.57142857142857,6,7
2023-07-16,1,B,66,0,0,70.0,51.0,56.714285714285715,6,7
2023-07-16,3,A,38,0,0,66.0,44.0,55.857142857142854,6,7
2023-07-17,1,D,47,1,0,38.0,46.0,56.0,0,7
2023-07-17,2,A,55,0,0,47.0,92.0,50.714285714285715,0,7
2023-07-17,2,C,39,0,0,55.0,50.0,49.142857142857146,0,7
2023-07-17,3,B,43,0,0,39.0,29.0,51.142857142857146,0,7
2023-07-17,1,B,76,1,0,43.0,70.0,52.0,0,7
2023-07-17,2,D,25,0,0,76.0,66.0,46.142857142857146,0,7
2023-07-17,1,A,29,0,0,25.0,38.0,44.857142857142854,0,7
2023-07-17,1,C,37,0,0,29.0,47.0,43.42857142857143,0,7
2023-07-17,3,C,40,0,0,37.0,55.0,41.285714285714285,0,7
2023-07-17,3,A,21,0,0,40.0,39.0,38.714285714285715,0,7
2023-07-17,2,B,45,0,0,21.0,43.0,39.0,0,7
2023-07-17,3,D,44,0,0,45.0,76.0,34.42857142857143,0,7
2023-07-18,3,D,63,1,0,44.0,25.0,39.857142857142854,1,7
2023-07-18,3,A,36,0,0,63.0,29.0,40.857142857142854,1,7
2023-07-18,3,C,44,0,0,36.0,37.0,41.857142857142854,1,7
2023-07-18,1,C,50,0,0,44.0,40.0,43.285714285714285,1,7
2023-07-18,1,B,45,0,0,50.0,21.0,46.714285714285715,1,7
2023-07-18,2,D,24,0,0,45.0,45.0,43.714285714285715,1,7
2023-07-18,1,D,18,0,0,24.0,44.0,40.0,1,7
2023-07-18,2,B,35,0,0,18.0,63.0,36.0,1,7
2023-07-18,2,C,46,0,0,35.0,36.0,37.42857142857143,1,7
2023-07-18,1,A,41,1,0,46.0,44.0,37.0,1,7
2023-07-18,2,A,50,0,0,41.0,50.0,37.0,1,7
2023-07-18,3,B,41,0,0,50.0,45.0,36.42857142857143,1,7
2023-07-19,3,D,47,0,0,41.0,24.0,39.714285714285715,2,7
2023-07-19,1,B,49,0,0,47.0,18.0,44.142857142857146,2,7
2023-07-19,1,C,45,0,0,49.0,35.0,45.57142857142857,2,7
2023-07-19,3,B,33,0,0,45.0,46.0,43.714285714285715,2,7
2023-07-19,1,D,35,0,0,33.0,41.0,42.857142857142854,2,7
2023-07-19,2,A,83,1,0,35.0,50.0,47.57142857142857,2,7
2023-07-19,1,A,45,1,0,83.0,41.0,48.142857142857146,2,7
2023-07-19,2,B,31,0,0,45.0,47.0,45.857142857142854,2,7
2023-07-19,3,C,34,0,0,31.0,49.0,43.714285714285715,2,7
2023-07-19,3,A,45,0,0,34.0,45.0,43.714285714285715,2,7
2023-07-19,2,D,30,0,0,45.0,33.0,43.285714285714285,2,7
2023-07-19,2,C,39,0,0,30.0,35.0,43.857142857142854,2,7
2023-07-20,1,D,28,0,0,39.0,83.0,36.0,3,7
2023-07-20,1,A,35,0,0,28.0,45.0,34.57142857142857,3,7
2023-07-20,3,D,37,0,0,35.0,31.0,35.42857142857143,3,7
2023-07-20,2,A,54,0,0,37.0,34.0,38.285714285714285,3,7
2023-07-20,3,A,33,0,0,54.0,45.0,36.57142857142857,3,7
2023-07-20,1,B,51,0,0,33.0,30.0,39.57142857142857,3,7
2023-07-20,2,C,36,0,0,51.0,39.0,39.142857142857146,3,7
2023-07-20,2,B,40,0,0,36.0,28.0,40.857142857142854,3,7
2023-07-20,2,D,27,0,0,40.0,35.0,39.714285714285715,3,7
2023-07-20,3,C,38,0,0,27.0,37.0,39.857142857142854,3,7
2023-07-20,1,C,44,0,0,38.0,54.0,38.42857142857143,3,7
2023-07-20,3,B,57,1,0,44.0,33.0,41.857142857142854,3,7
2023-07-21,1,D,29,0,0,57.0,51.0,38.714285714285715,4,7
2023-07-21,3,D,57,1,0,29.0,36.0,41.714285714285715,4,7
2023-07-21,3,C,36,0,0,57.0,40.0,41.142857142857146,4,7
2023-07-21,1,B,49,0,0,36.0,27.0,44.285714285714285,4,7
2023-07-21,2,D,24,0,0,49.0,38.0,42.285714285714285,4,7
2023-07-21,3,A,34,0,0,24.0,44.0,40.857142857142854,4,7
2023-07-21,2,A,53,0,0,34.0,57.0,40.285714285714285,4,7
2023-07-21,1,A,24,0,0,53.0,29.0,39.57142857142857,4,7
2023-07-21,1,C,47,0,0,24.0,57.0,38.142857142857146,4,7
2023-07-21,3,B,28,0,0,47.0,36.0,37.0,4,7
2023-07-21,2,C,45,0,0,28.0,49.0,36.42857142857143,4,7
2023-07-21,2,B,35,0,0,45.0,24.0,38.0,4,7
2023-07-22,2,A,61,0,0,35.0,34.0,41.857142857142854,5,7
2023-07-22,1,D,35,0,0,61.0,53.0,39.285714285714285,5,7
2023-07-22,1,C,57,0,0,35.0,24.0,44.0,5,7
2023-07-22,3,C,45,0,0,57.0,47.0,43.714285714285715,5,7
2023-07-22,2,C,75,1,0,45.0,28.0,50.42857142857143,5,7
2023-07-22,2,B,69,1,0,75.0,45.0,53.857142857142854,5,7
2023-07-22,1,B,63,0,0,69.0,35.0,57.857142857142854,5,7
2023-07-22,3,D,46,0,0,63.0,61.0,55.714285714285715,5,7
2023-07-22,1,A,32,0,0,46.0,35.0,55.285714285714285,5,7
2023-07-22,3,A,42,0,0,32.0,57.0,53.142857142857146,5,7
2023-07-22,3,B,52,0,0,42.0,45.0,54.142857142857146,5,7
2023-07-22,2,D,50,1,0,52.0,75.0,50.57142857142857,5,7
2023-07-23,1,A,41,0,0,50.0,69.0,46.57142857142857,6,7
2023-07-23,1,D,26,0,0,41.0,63.0,41.285714285714285,6,7
2023-07-23,2,A,61,0,0,26.0,46.0,43.42857142857143,6,7
2023-07-23,3,A,42,0,0,61.0,32.0,44.857142857142854,6,7
2023-07-23,3,C,49,0,0,42.0,42.0,45.857142857142854,6,7
2023-07-23,2,D,51,1,0,49.0,52.0,45.714285714285715,6,7
2023-07-23,1,C,65,0,0,51.0,50.0,47.857142857142854,6,7
2023-07-23,2,C,38,0,0,65.0,41.0,47.42857142857143,6,7
2023-07-23,1,B,61,0,0,38.0,26.0,52.42857142857143,6,7
2023-07-23,3,B,60,0,0,61.0,61.0,52.285714285714285,6,7
2023-07-23,2,B,49,0,0,60.0,42.0,53.285714285714285,6,7
2023-07-23,3,D,54,0,0,49.0,49.0,54.0,6,7
2023-07-24,3,C,42,0,0,54.0,51.0,52.714285714285715,0,7
2023-07-24,1,D,30,0,0,42.0,65.0,47.714285714285715,0,7
2023-07-24,3,A,43,1,0,30.0,38.0,48.42857142857143,0,7
2023-07-24,1,C,65,1,0,43.0,61.0,49.0,0,7
2023-07-24,1,A,26,0,0,65.0,60.0,44.142857142857146,0,7
2023-07-24,2,C,46,0,0,26.0,49.0,43.714285714285715,0,7
2023-07-24,2,B,39,0,0,46.0,54.0,41.57142857142857,0,7
2023-07-24,2,A,51,0,0,39.0,42.0,42.857142857142854,0,7
2023-07-24,3,D,49,1,0,51.0,30.0,45.57142857142857,0,7
2023-07-24,1,B,49,0,0,49.0,43.0,46.42857142857143,0,7
2023-07-24,2,D,25,0,0,49.0,65.0,40.714285714285715,0,7
2023-07-24,3,B,38,0,0,25.0,26.0,42.42857142857143,0,7
2023-07-25,1,D,26,0,0,38.0,46.0,39.57142857142857,1,7
2023-07-25,2,C,53,1,0,26.0,39.0,41.57142857142857,1,7
2023-07-25,2,B,48,1,0,53.0,51.0,41.142857142857146,1,7
2023-07-25,2,A,51,0,0,48.0,49.0,41.42857142857143,1,7
2023-07-25,3,A,54,1,0,51.0,49.0,42.142857142857146,1,7
2023-07-25,1,C,75,1,0,54.0,25.0,49.285714285714285,1,7
2023-07-25,2,D,18,0,0,75.0,38.0,46.42857142857143,1,7
2023-07-25,3,D,36,0,0,18.0,26.0,47.857142857142854,1,7
2023-07-25,3,B,43,0,0,36.0,53.0,46.42857142857143,1,7
2023-07-25,3,C,57,1,0,43.0,48.0,47.714285714285715,1,7
2023-07-25,1,A,21,0,0,57.0,51.0,43.42857142857143,1,7
2023-07-25,1,B,48,0,0,21.0,54.0,42.57142857142857,1,7
2023-07-26,1,D,21,0,0,48.0,75.0,34.857142857142854,2,7
2023-07-26,3,B,48,1,0,21.0,18.0,39.142857142857146,2,7
2023-07-26,3,A,30,0,0,48.0,36.0,38.285714285714285,2,7
2023-07-26,1,C,48,0,0,30.0,43.0,39.0,2,7
2023-07-26,2,C,40,0,0,48.0,57.0,36.57142857142857,2,7
2023-07-26,2,A,74,1,0,40.0,21.0,44.142857142857146,2,7
2023-07-26,2,B,34,0,0,74.0,48.0,42.142857142857146,2,7
2023-07-26,3,C,38,0,0,34.0,21.0,44.57142857142857,2,7
2023-07-26,2,D,44,1,0,38.0,48.0,44.0,2,7
2023-07-26,3,D,43,0,0,44.0,30.0,45.857142857142854,2,7
2023-07-26,1,B,54,0,0,43.0,48.0,46.714285714285715,2,7
2023-07-26,1,A,32,0,0,54.0,40.0,45.57142857142857,2,7
2023-07-27,2,B,28,0,0,32.0,74.0,39.0,3,7
2023-07-27,2,D,36,0,0,28.0,34.0,39.285714285714285,3,7
2023-07-27,1,A,31,0,0,36.0,38.0,38.285714285714285,3,7
2023-07-27,3,A,28,0,0,31.0,44.0,36.0,3,7
2023-07-27,1,C,43,0,0,28.0,43.0,36.0,3,7
2023-07-27,1,D,32,0,0,43.0,54.0,32.857142857142854,3,7
2023-07-27,2,C,38,0,0,32.0,32.0,33.714285714285715,3,7
2023-07-27,1,B,58,0,0,38.0,28.0,38.0,3,7
2023-07-27,3,C,35,0,0,58.0,36.0,37.857142857142854,3,7
2023-07-27,3,B,31,0,0,35.0,31.0,37.857142857142854,3,7
2023-07-27,3,D,37,0,0,31.0,28.0,39.142857142857146,3,7
2023-07-27,2,A,53,0,0,37.0,43.0,40.57142857142857,3,7
2023-07-28,3,C,36,0,0,53.0,32.0,41.142857142857146,4,7
2023-07-28,2,D,31,0,0,36.0,38.0,40.142857142857146,4,7
2023-07-28,3,B,35,0,0,31.0,58.0,36.857142857142854,4,7
2023-07-28,3,A,35,0,0,35.0,35.0,36.857142857142854,4,7
2023-07-28,3,D,35,0,0,35.0,31.0,37.42857142857143,4,7
2023-07-28,2,B,37,0,0,35.0,37.0,37.42857142857143,4,7
2023-07-28,2,C,38,0,0,37.0,53.0,35.285714285714285,4,7
2023-07-28,1,B,55,0,0,38.0,36.0,38.0,4,7
2023-07-28,2,A,52,0,0,55.0,31.0,41.0,4,7
2023-07-28,1,C,72,1,0,52.0,35.0,46.285714285714285,4,7
2023-07-28,1,A,26,0,0,72.0,35.0,45.0,4,7
2023-07-28,1,D,31,0,0,26.0,35.0,44.42857142857143,4,7
2023-07-29,3,B,47,0,0,31.0,37.0,45.857142857142854,5,7
2023-07-29,1,A,30,0,0,47.0,38.0,44.714285714285715,5,7
2023-07-29,3,A,43,0,0,30.0,55.0,43.0,5,7
2023-07-29,1,D,57,1,0,43.0,52.0,43.714285714285715,5,7
2023-07-29,2,A,67,0,0,57.0,72.0,43.0,5,7
2023-07-29,1,B,100,1,0,67.0,26.0,53.57142857142857,5,7
2023-07-29,1,C,57,0,0,100.0,31.0,57.285714285714285,5,7
2023-07-29,2,C,46,0,0,57.0,47.0,57.142857142857146,5,7
2023-07-29,3,C,46,0,0,46.0,30.0,59.42857142857143,5,7
2023-07-29,2,B,55,0,0,46.0,43.0,61.142857142857146,5,7
2023-07-29,3,D,45,0,0,55.0,57.0,59.42857142857143,5,7
2023-07-29,2,D,38,0,0,45.0,67.0,55.285714285714285,5,7
2023-07-30,1,B,63,0,0,38.0,100.0,50.0,6,7
2023-07-30,3,C,46,0,0,63.0,57.0,48.42857142857143,6,7
2023-07-30,3,D,44,0,0,46.0,46.0,48.142857142857146,6,7
2023-07-30,2,B,41,0,0,44.0,46.0,47.42857142857143,6,7
2023-07-30,1,C,58,0,0,41.0,55.0,47.857142857142854,6,7
2023-07-30,2,A,72,0,0,58.0,45.0,51.714285714285715,6,7
2023-07-30,3,A,45,0,0,72.0,38.0,52.714285714285715,6,7
2023-07-30,3,B,73,1,0,45.0,63.0,54.142857142857146,6,7
2023-07-30,2,D,31,0,0,73.0,46.0,52.0,6,7
2023-07-30,2,C,45,0,0,31.0,44.0,52.142857142857146,6,7
2023-07-30,1,D,56,1,0,45.0,41.0,54.285714285714285,6,7
2023-07-30,1,A,24,0,0,56.0,58.0,49.42857142857143,6,7
2023-07-31,1,B,81,1,0,24.0,72.0,50.714285714285715,0,7
2023-07-31,3,D,35,0,0,81.0,45.0,49.285714285714285,0,7
2023-07-31,2,B,28,0,0,35.0,73.0,42.857142857142854,0,7
2023-07-31,1,D,24,0,0,28.0,31.0,41.857142857142854,0,7
2023-07-31,2,D,46,1,0,24.0,45.0,42.0,0,7
2023-07-31,2,A,60,0,0,46.0,56.0,42.57142857142857,0,7
2023-07-31,2,C,43,0,0,60.0,24.0,45.285714285714285,0,7
2023-07-31,3,C,42,0,0,43.0,81.0,39.714285714285715,0,7
2023-07-31,1,C,49,0,0,42.0,35.0,41.714285714285715,0,7
2023-07-31,3,B,33,0,0,49.0,28.0,42.42857142857143,0,7
2023-07-31,1,A,49,1,0,33.0,24.0,46.0,0,7
2023-07-31,3,A,30,0,0,49.0,46.0,43.714285714285715,0,7
2023-08-01,2,B,32,0,0,30.0,60.0,39.714285714285715,1,8
2023-08-01,1,A,34,1,0,32.0,43.0,38.42857142857143,1,8
2023-08-01,3,B,55,1,0,34.0,42.0,40.285714285714285,1,8
2023-08-01,2,D,27,0,0,55.0,49.0,37.142857142857146,1,8
2023-08-01,2,A,51,0,0,27.0,33.0,39.714285714285715,1,8
2023-08-01,2,C,39,0,0,51.0,49.0,38.285714285714285,1,8
2023-08-01,1,D,29,0,0,39.0,30.0,38.142857142857146,1,8
2023-08-01,1,C,64,1,0,29.0,32.0,42.714285714285715,1,8
2023-08-01,3,A,27,0,0,64.0,34.0,41.714285714285715,1,8
2023-08-01,3,C,36,0,0,27.0,55.0,39.0,1,8
2023-08-01,1,B,54,0,0,36.0,27.0,42.857142857142854,1,8
2023-08-01,3,D,40,0,0,54.0,51.0,41.285714285714285,1,8
2023-08-02,3,C,37,0,0,40.0,39.0,41.0,2,8
2023-08-02,1,C,65,1,0,37.0,29.0,46.142857142857146,2,8
2023-08-02,3,A,27,0,0,65.0,64.0,40.857142857142854,2,8
2023-08-02,2,C,37,0,0,27.0,27.0,42.285714285714285,2,8
2023-08-02,1,A,32,0,0,37.0,36.0,41.714285714285715,2,8
2023-08-02,2,B,34,0,0,32.0,54.0,38.857142857142854,2,8
2023-08-02,1,D,32,0,0,34.0,40.0,37.714285714285715,2,8
2023-08-02,3,B,41,0,0,32.0,37.0,38.285714285714285,2,8
2023-08-02,2,A,50,0,0,41.0,65.0,36.142857142857146,2,8
2023-08-02,2,D,30,0,0,50.0,27.0,36.57142857142857,2,8
2023-08-02,3,D,38,0,0,30.0,37.0,36.714285714285715,2,8
2023-08-02,1,B,83,1,0,38.0,32.0,44.0,2,8
2023-08-03,1,B,52,0,0,83.0,34.0,46.57142857142857,3,8
2023-08-03,2,D,26,0,0,52.0,32.0,45.714285714285715,3,8
2023-08-03,3,C,36,0,0,26.0,41.0,45.0,3,8
2023-08-03,2,A,86,1,0,36.0,50.0,50.142857142857146,3,8
2023-08-03,3,B,39,0,0,86.0,30.0,51.42857142857143,3,8
2023-08-03,2,B,39,0,0,39.0,38.0,51.57142857142857,3,8
2023-08-03,1,A,42,1,0,39.0,83.0,45.714285714285715,3,8
2023-08-03,3,D,45,0,0,42.0,52.0,44.714285714285715,3,8
2023-08-03,3,A,34,0,0,45.0,26.0,45.857142857142854,3,8
2023-08-03,2,C,57,1,0,34.0,36.0,48.857142857142854,3,8
2023-08-03,1,D,31,0,0,57.0,86.0,41.0,3,8
2023-08-03,1,C,48,0,0,31.0,39.0,42.285714285714285,3,8
2023-08-04,1,A,30,0,0,48.0,39.0,41.0,4,8
2023-08-04,1,C,50,0,0,30.0,42.0,42.142857142857146,4,8
2023-08-04,3,A,31,0,0,50.0,45.0,40.142857142857146,4,8
2023-08-04,2,C,44,0,0,31.0,34.0,41.57142857142857,4,8
2023-08-04,2,A,52,0,0,44.0,57.0,40.857142857142854,4,8
2023-08-04,1,B,60,0,0,52.0,31.0,45.0,4,8
2023-08-04,2,B,51,1,0,60.0,48.0,45.42857142857143,4,8
2023-08-04,3,D,30,0,0,51.0,30.0,45.42857142857143,4,8
2023-08-04,1,D,28,1,0,30.0,50.0,42.285714285714285,4,8
2023-08-04,3,B,35,0,0,28.0,31.0,42.857142857142854,4,8
2023-08-04,3,C,53,1,0,35.0,44.0,44.142857142857146,4,8
2023-08-04,2,D,32,1,0,53.0,52.0,41.285714285714285,4,8
2023-08-05,2,B,71,1,0,32.0,60.0,42.857142857142854,5,8
2023-08-05,2,D,32,0,0,71.0,51.0,40.142857142857146,5,8
2023-08-05,3,B,51,0,0,32.0,30.0,43.142857142857146,5,8
2023-08-05,3,D,46,0,0,51.0,28.0,45.714285714285715,5,8
2023-08-05,2,A,70,0,0,46.0,35.0,50.714285714285715,5,8
2023-08-05,1,C,61,0,0,70.0,53.0,51.857142857142854,5,8
2023-08-05,1,A,35,0,0,61.0,32.0,52.285714285714285,5,8
2023-08-05,1,D,34,0,0,35.0,71.0,47.0,5,8
2023-08-05,3,C,42,0,0,34.0,32.0,48.42857142857143,5,8
2023-08-05,1,B,67,0,0,42.0,51.0,50.714285714285715,5,8
2023-08-05,2,C,46,0,0,67.0,46.0,50.714285714285715,5,8
2023-08-05,3,A,39,0,0,46.0,70.0,46.285714285714285,5,8
2023-08-06,2,C,57,0,0,39.0,61.0,45.714285714285715,6,8
2023-08-06,2,B,44,0,0,57.0,35.0,47.0,6,8
2023-08-06,3,D,43,0,0,44.0,34.0,48.285714285714285,6,8
2023-08-06,1,D,31,0,0,43.0,42.0,46.714285714285715,6,8
2023-08-06,1,A,35,0,0,31.0,67.0,42.142857142857146,6,8
2023-08-06,3,A,44,0,0,35.0,46.0,41.857142857142854,6,8
2023-08-06,2,D,54,1,0,44.0,39.0,44.0,6,8
2023-08-06,3,B,46,0,0,54.0,57.0,42.42857142857143,6,8
2023-08-06,2,A,63,0,0,46.0,44.0,45.142857142857146,6,8
2023-08-06,3,C,55,0,0,63.0,43.0,46.857142857142854,6,8
2023-08-06,1,B,63,0,0,55.0,31.0,51.42857142857143,6,8
2023-08-06,1,C,61,0,0,63.0,35.0,55.142857142857146,6,8
2023-08-07,1,A,39,1,0,61.0,44.0,54.42857142857143,0,8
2023-08-07,2,B,34,0,0,39.0,54.0,51.57142857142857,0,8
2023-08-07,3,D,34,0,0,34.0,46.0,49.857142857142854,0,8
2023-08-07,2,A,47,0,0,34.0,63.0,47.57142857142857,0,8
2023-08-07,1,B,74,1,0,47.0,55.0,50.285714285714285,0,8
2023-08-07,1,C,44,0,0,74.0,63.0,47.57142857142857,0,8
2023-08-07,2,C,40,0,0,44.0,61.0,44.57142857142857,0,8
2023-08-07,2,D,36,1,0,40.0,39.0,44.142857142857146,0,8
2023-08-07,3,A,27,0,0,36.0,34.0,43.142857142857146,0,8
2023-08-07,3,C,19,0,0,27.0,34.0,41.0,0,8
2023-08-07,1,D,34,0,0,19.0,47.0,39.142857142857146,0,8
2023-08-07,3,B,37,0,0,34.0,74.0,33.857142857142854,0,8
2023-08-08,2,A,50,0,0,37.0,44.0,34.714285714285715,1,8
2023-08-08,1,D,40,1,0,50.0,40.0,34.714285714285715,1,8
2023-08-08,3,D,35,0,0,40.0,36.0,34.57142857142857,1,8
2023-08-08,1,B,54,0,0,35.0,27.0,38.42857142857143,1,8
2023-08-08,2,B,31,0,0,54.0,19.0,40.142857142857146,1,8
2023-08-08,2,C,37,0,0,31.0,34.0,40.57142857142857,1,8
2023-08-08,2,D,26,0,0,37.0,37.0,39.0,1,8
2023-08-08,3,B,41,0,0,26.0,50.0,37.714285714285715,1,8
2023-08-08,3,A,33,0,0,41.0,40.0,36.714285714285715,1,8
2023-08-08,3,C,38,0,0,33.0,35.0,37.142857142857146,1,8
2023-08-08,1,A,36,0,0,38.0,54.0,34.57142857142857,1,8
2023-08-08,1,C,78,1,0,36.0,31.0,41.285714285714285,1,8
2023-08-09,1,B,48,0,0,78.0,37.0,42.857142857142854,2,8
2023-08-09,1,C,49,0,0,48.0,26.0,46.142857142857146,2,8
2023-08-09,3,A,56,1,0,49.0,41.0,48.285714285714285,2,8
2023-08-09,2,A,52,0,0,56.0,33.0,51.0,2,8
2023-08-09,2,D,23,0,0,52.0,38.0,48.857142857142854,2,8
2023-08-09,3,C,27,0,0,23.0,36.0,47.57142857142857,2,8
2023-08-09,2,B,48,1,0,27.0,78.0,43.285714285714285,2,8
2023-08-09,1,D,29,0,0,48.0,48.0,40.57142857142857,2,8
2023-08-09,1,A,39,1,0,29.0,49.0,39.142857142857146,2,8
2023-08-09,3,B,54,1,0,39.0,56.0,38.857142857142854,2,8
2023-08-09,3,D,40,0,0,54.0,52.0,37.142857142857146,2,8
2023-08-09,2,C,36,0,0,40.0,23.0,39.0,2,8
2023-08-10,1,C,41,0,0,36.0,27.0,41.0,3,8
2023-08-10,3,C,37,0,0,41.0,48.0,39.42857142857143,3,8
2023-08-10,2,B,57,1,0,37.0,29.0,43.42857142857143,3,8
2023-08-10,2,D,22,0,0,57.0,39.0,41.0,3,8
2023-08-10,2,A,52,0,0,22.0,54.0,40.714285714285715,3,8
2023-08-10,2,C,35,0,0,52.0,40.0,40.0,3,8
2023-08-10,1,B,60,0,0,35.0,36.0,43.42857142857143,3,8
2023-08-10,3,B,30,0,0,60.0,41.0,41.857142857142854,3,8
2023-08-10,1,A,27,0,0,30.0,37.0,40.42857142857143,3,8
2023-08-10,1,D,27,0,0,27.0,57.0,36.142857142857146,3,8
2023-08-10,3,A,46,0,0,27.0,22.0,39.57142857142857,3,8
2023-08-10,3,D,41,0,0,46.0,52.0,38.0,3,8
2023-08-11,2,A,49,0,0,41.0,35.0,40.0,4,8
2023-08-11,3,C,34,0,0,49.0,60.0,36.285714285714285,4,8
2023-08-11,3,B,55,1,0,34.0,30.0,39.857142857142854,4,8
2023-08-11,2,D,11,0,0,55.0,27.0,37.57142857142857,4,8
2023-08-11,3,A,37,0,0,11.0,27.0,39.0,4,8
2023-08-11,1,C,51,0,0,37.0,46.0,39.714285714285715,4,8
2023-08-11,1,A,23,0,0,51.0,41.0,37.142857142857146,4,8
2023-08-11,3,D,40,0,0,23.0,49.0,35.857142857142854,4,8
2023-08-11,1,B,53,0,0,40.0,34.0,38.57142857142857,4,8
2023-08-11,1,D,46,1,0,53.0,55.0,37.285714285714285,4,8
2023-08-11,2,C,55,1,0,46.0,11.0,43.57142857142857,4,8
2023-08-11,2,B,51,1,0,55.0,37.0,45.57142857142857,4,8
2023-08-12,3,A,49,0,0,51.0,51.0,45.285714285714285,5,8
2023-08-12,3,B,52,0,0,49.0,23.0,49.42857142857143,5,8
2023-08-12,1,D,44,0,0,52.0,40.0,50.0,5,8
2023-08-12,2,A,103,1,0,44.0,53.0,57.142857142857146,5,8
2023-08-12,1,C,95,1,0,103.0,46.0,64.14285714285714,5,8
2023-08-12,2,B,48,0,0,95.0,55.0,63.142857142857146,5,8
2023-08-12,2,C,54,0,0,48.0,51.0,63.57142857142857,5,8
2023-08-12,2,D,23,0,0,54.0,49.0,59.857142857142854,5,8
2023-08-12,1,B,100,1,0,23.0,52.0,66.71428571428571,5,8
2023-08-12,3,C,54,0,0,100.0,44.0,68.14285714285714,5,8
2023-08-12,1,A,45,0,0,54.0,103.0,59.857142857142854,5,8
2023-08-12,3,D,54,0,0,45.0,95.0,54.0,5,8
2023-08-13,2,C,71,1,0,54.0,48.0,57.285714285714285,6,8
2023-08-13,1,C,59,0,0,71.0,54.0,58.0,6,8
2023-08-13,1,B,67,0,0,59.0,23.0,64.28571428571429,6,8
2023-08-13,3,A,44,0,0,67.0,100.0,56.285714285714285,6,8
2023-08-13,3,B,53,0,0,44.0,54.0,56.142857142857146,6,8
2023-08-13,2,A,69,0,0,53.0,45.0,59.57142857142857,6,8
2023-08-13,2,D,28,0,0,69.0,54.0,55.857142857142854,6,8
2023-08-13,3,D,54,0,0,28.0,71.0,53.42857142857143,6,8
2023-08-13,3,C,51,0,0,54.0,59.0,52.285714285714285,6,8
2023-08-13,1,A,31,0,0,51.0,67.0,47.142857142857146,6,8
2023-08-13,2,B,65,1,0,31.0,44.0,50.142857142857146,6,8
2023-08-13,1,D,52,1,0,65.0,53.0,50.0,6,8
2023-08-14,1,C,43,0,0,52.0,69.0,46.285714285714285,0,8
2023-08-14,2,D,23,0,0,43.0,28.0,45.57142857142857,0,8
2023-08-14,3,C,33,0,0,23.0,54.0,42.57142857142857,0,8
2023-08-14,1,A,25,0,0,33.0,51.0,38.857142857142854,0,8
2023-08-14,2,B,35,0,0,25.0,31.0,39.42857142857143,0,8
2023-08-14,1,D,28,0,0,35.0,65.0,34.142857142857146,0,8
2023-08-14,3,B,31,0,0,28.0,52.0,31.142857142857142,0,8
2023-08-14,2,A,59,0,0,31.0,43.0,33.42857142857143,0,8
2023-08-14,2,C,58,1,0,59.0,23.0,38.42857142857143,0,8
2023-08-14,1,B,50,0,0,58.0,33.0,40.857142857142854,0,8
2023-08-14,3,D,59,1,0,50.0,25.0,45.714285714285715,0,8
2023-08-14,3,A,31,0,0,59.0,35.0,45.142857142857146,0,8
2023-08-15,1,C,49,0,0,31.0,28.0,48.142857142857146,1,8
2023-08-15,1,A,26,0,0,49.0,31.0,47.42857142857143,1,8
2023-08-15,1,B,69,1,0,26.0,59.0,48.857142857142854,1,8
2023-08-15,2,B,25,0,0,69.0,58.0,44.142857142857146,1,8
2023-08-15,1,D,33,0,0,25.0,50.0,41.714285714285715,1,8
2023-08-15,2,A,48,0,0,33.0,59.0,40.142857142857146,1,8
2023-08-15,3,A,46,1,0,48.0,31.0,42.285714285714285,1,8
2023-08-15,3,C,38,0,0,46.0,49.0,40.714285714285715,1,8
2023-08-15,3,D,61,1,0,38.0,26.0,45.714285714285715,1,8
2023-08-15,2,D,31,0,0,61.0,69.0,40.285714285714285,1,8
2023-08-15,3,B,40,0,0,31.0,25.0,42.42857142857143,1,8
2023-08-15,2,C,59,1,0,40.0,33.0,46.142857142857146,1,8
2023-08-16,3,B,35,0,0,59.0,48.0,44.285714285714285,2,8
2023-08-16,3,D,36,0,0,35.0,46.0,42.857142857142854,2,8
2023-08-16,2,C,34,0,0,36.0,38.0,42.285714285714285,2,8
2023-08-16,1,B,49,0,0,34.0,61.0,40.57142857142857,2,8
2023-08-16,3,C,36,0,0,49.0,31.0,41.285714285714285,2,8
2023-08-16,1,D,21,0,0,36.0,40.0,38.57142857142857,2,8
2023-08-16,2,B,34,0,0,21.0,59.0,35.0,2,8
2023-08-16,1,A,21,0,0,34.0,35.0,33.0,2,8
2023-08-16,2,D,21,0,0,21.0,36.0,30.857142857142858,2,8
2023-08-16,3,A,33,0,0,21.0,34.0,30.714285714285715,2,8
2023-08-16,1,C,65,1,0,33.0,49.0,33.0,2,8
2023-08-16,2,A,55,0,0,65.0,36.0,35.714285714285715,2,8
2023-08-17,2,B,50,1,0,55.0,21.0,39.857142857142854,3,8
2023-08-17,1,D,35,1,0,50.0,34.0,40.0,3,8
2023-08-17,1,A,28,0,0,35.0,21.0,41.0,3,8
2023-08-17,2,C,32,0,0,28.0,21.0,42.57142857142857,3,8
2023-08-17,3,B,44,0,0,32.0,33.0,44.142857142857146,3,8
2023-08-17,2,A,51,0,0,44.0,65.0,42.142857142857146,3,8
2023-08-17,3,C,34,0,0,51.0,55.0,39.142857142857146,3,8
2023-08-17,3,A,29,0,0,34.0,50.0,36.142857142857146,3,8
2023-08-17,3,D,31,0,0,29.0,35.0,35.57142857142857,3,8
2023-08-17,1,C,46,0,0,31.0,28.0,38.142857142857146,3,8
2023-08-17,1,B,59,0,0,46.0,32.0,42.0,3,8
2023-08-17,2,D,34,1,0,59.0,44.0,40.57142857142857,3,8
2023-08-18,3,C,43,0,0,34.0,51.0,39.42857142857143,4,8
2023-08-18,2,C,29,0,0,43.0,34.0,38.714285714285715,4,8
2023-08-18,2,A,49,0,0,29.0,29.0,41.57142857142857,4,8
2023-08-18,1,D,23,0,0,49.0,31.0,40.42857142857143,4,8
2023-08-18,2,D,35,0,0,23.0,46.0,38.857142857142854,4,8
2023-08-18,3,D,34,0,0,35.0,59.0,35.285714285714285,4,8
2023-08-18,3,B,49,1,0,34.0,34.0,37.42857142857143,4,8
2023-08-18,1,A,32,0,0,49.0,43.0,35.857142857142854,4,8
2023-08-18,2,B,60,1,0,32.0,29.0,40.285714285714285,4,8
2023-08-18,3,A,45,1,0,60.0,49.0,39.714285714285715,4,8
2023-08-18,1,B,52,0,0,45.0,23.0,43.857142857142854,4,8
2023-08-18,1,C,67,1,0,52.0,35.0,48.42857142857143,4,8
2023-08-19,3,C,42,0,0,67.0,34.0,49.57142857142857,5,8
2023-08-19,3,A,33,0,0,42.0,49.0,47.285714285714285,5,8
2023-08-19,3,D,56,0,0,33.0,32.0,50.714285714285715,5,8
2023-08-19,2,B,40,0,0,56.0,60.0,47.857142857142854,5,8
2023-08-19,1,C,58,0,0,40.0,45.0,49.714285714285715,5,8
2023-08-19,2,C,51,0,0,58.0,52.0,49.57142857142857,5,8
2023-08-19,1,D,39,0,0,51.0,67.0,45.57142857142857,5,8
2023-08-19,1,A,50,1,0,39.0,42.0,46.714285714285715,5,8
2023-08-19,1,B,72,0,0,50.0,33.0,52.285714285714285,5,8
2023-08-19,3,B,51,0,0,72.0,56.0,51.57142857142857,5,8
2023-08-19,2,D,38,0,0,51.0,40.0,51.285714285714285,5,8
2023-08-19,2,A,95,1,0,38.0,58.0,56.57142857142857,5,8
2023-08-20,2,C,42,0,0,95.0,51.0,55.285714285714285,6,8
2023-08-20,2,A,68,0,0,42.0,39.0,59.42857142857143,6,8
2023-08-20,3,D,44,0,0,68.0,50.0,58.57142857142857,6,8
2023-08-20,1,B,72,0,0,44.0,72.0,58.57142857142857,6,8
2023-08-20,2,B,69,1,0,72.0,51.0,61.142857142857146,6,8
2023-08-20,3,C,79,1,0,69.0,38.0,67.0,6,8
2023-08-20,1,A,39,0,0,79.0,95.0,59.0,6,8
2023-08-20,3,B,46,0,0,39.0,42.0,59.57142857142857,6,8
2023-08-20,1,D,35,0,0,46.0,68.0,54.857142857142854,6,8
2023-08-20,2,D,48,0,0,35.0,44.0,55.42857142857143,6,8
2023-08-20,1,C,60,0,0,48.0,72.0,53.714285714285715,6,8
2023-08-20,3,A,44,0,0,60.0,69.0,50.142857142857146,6,8
2023-08-21,2,B,55,1,0,44.0,79.0,46.714285714285715,0,8
2023-08-21,3,C,37,0,0,55.0,39.0,46.42857142857143,0,8
2023-08-21,1,D,23,0,0,37.0,46.0,43.142857142857146,0,8
2023-08-21,3,A,32,0,0,23.0,35.0,42.714285714285715,0,8
2023-08-21,2,C,48,0,0,32.0,48.0,42.714285714285715,0,8
2023-08-21,1,C,49,0,0,48.0,60.0,41.142857142857146,0,8
2023-08-21,3,D,36,0,0,49.0,44.0,40.0,0,8
2023-08-21,2,D,29,0,0,36.0,55.0,36.285714285714285,0,8
2023-08-21,2,A,76,1,0,29.0,37.0,41.857142857142854,0,8
2023-08-21,1,B,77,1,0,76.0,23.0,49.57142857142857,0,8
2023-08-21,1,A,31,0,0,77.0,32.0,49.42857142857143,0,8
2023-08-21,3,B,34,0,0,31.0,48.0,47.42857142857143,0,8
2023-08-22,3,D,32,0,0,34.0,49.0,45.0,1,8
2023-08-22,2,C,41,0,0,32.0,36.0,45.714285714285715,1,8
2023-08-22,1,D,33,0,0,41.0,29.0,46.285714285714285,1,8
2023-08-22,2,D,21,0,0,33.0,76.0,38.42857142857143,1,8
2023-08-22,3,A,51,1,0,21.0,77.0,34.714285714285715,1,8
2023-08-22,3,B,42,0,0,51.0,31.0,36.285714285714285,1,8
2023-08-22,1,B,55,0,0,42.0,34.0,39.285714285714285,1,8
2023-08-22,2,B,41,0,0,55.0,32.0,40.57142857142857,1,8
2023-08-22,3,C,33,0,0,41.0,41.0,39.42857142857143,1,8
2023-08-22,2,A,78,1,0,33.0,33.0,45.857142857142854,1,8
2023-08-22,1,A,29,0,0,78.0,21.0,47.0,1,8
2023-08-22,1,C,48,0,0,29.0,51.0,46.57142857142857,1,8
2023-08-23,2,B,40,0,0,48.0,42.0,46.285714285714285,2,8
2023-08-23,3,D,43,0,0,40.0,55.0,44.57142857142857,2,8
2023-08-23,3,C,39,0,0,43.0,41.0,44.285714285714285,2,8
2023-08-23,1,B,70,1,0,39.0,33.0,49.57142857142857,2,8
2023-08-23,2,C,30,0,0,70.0,78.0,42.714285714285715,2,8
2023-08-23,1,A,35,0,0,30.0,29.0,43.57142857142857,2,8
2023-08-23,3,B,42,0,0,35.0,48.0,42.714285714285715,2,8
2023-08-23,2,D,13,0,0,42.0,40.0,38.857142857142854,2,8
2023-08-23,3,A,44,0,0,13.0,43.0,39.0,2,8
2023-08-23,2,A,46,0,0,44.0,39.0,40.0,2,8
2023-08-23,1,D,19,0,0,46.0,70.0,32.714285714285715,2,8
2023-08-23,1,C,75,1,0,19.0,30.0,39.142857142857146,2,8
2023-08-24,2,C,57,1,0,75.0,35.0,42.285714285714285,3,8
2023-08-24,1,C,49,0,0,57.0,42.0,43.285714285714285,3,8
2023-08-24,1,A,27,0,0,49.0,13.0,45.285714285714285,3,8
2023-08-24,1,B,59,0,0,27.0,44.0,47.42857142857143,3,8
2023-08-24,3,C,44,0,0,59.0,46.0,47.142857142857146,3,8
2023-08-24,2,A,78,1,0,44.0,19.0,55.57142857142857,3,8
2023-08-24,3,B,46,1,0,78.0,75.0,51.42857142857143,3,8
2023-08-24,1,D,23,0,0,46.0,57.0,46.57142857142857,3,8
2023-08-24,3,D,57,1,0,23.0,49.0,47.714285714285715,3,8
2023-08-24,2,B,35,0,0,57.0,27.0,48.857142857142854,3,8
2023-08-24,3,A,28,0,0,35.0,59.0,44.42857142857143,3,8
2023-08-24,2,D,27,0,0,28.0,44.0,42.0,3,8
2023-08-25,2,C,37,0,0,27.0,78.0,36.142857142857146,4,8
2023-08-25,2,D,34,0,0,37.0,46.0,34.42857142857143,4,8
2023-08-25,3,B,42,0,0,34.0,23.0,37.142857142857146,4,8
2023-08-25,3,C,32,0,0,42.0,57.0,33.57142857142857,4,8
2023-08-25,2,B,36,0,0,32.0,35.0,33.714285714285715,4,8
2023-08-25,1,A,31,0,0,36.0,28.0,34.142857142857146,4,8
2023-08-25,1,D,26,0,0,31.0,27.0,34.0,4,8
2023-08-25,3,D,36,0,0,26.0,37.0,33.857142857142854,4,8
2023-08-25,1,B,58,0,0,36.0,34.0,37.285714285714285,4,8
2023-08-25,1,C,39,0,0,58.0,42.0,36.857142857142854,4,8
2023-08-25,3,A,29,0,0,39.0,32.0,36.42857142857143,4,8
2023-08-25,2,A,52,0,0,29.0,36.0,38.714285714285715,4,8
2023-08-26,2,B,52,0,0,52.0,31.0,41.714285714285715,5,8
2023-08-26,3,C,55,0,0,52.0,26.0,45.857142857142854,5,8
2023-08-26,1,C,54,0,0,55.0,36.0,48.42857142857143,5,8
2023-08-26,1,D,44,0,0,54.0,58.0,46.42857142857143,5,8
2023-08-26,3,D,39,0,0,44.0,39.0,46.42857142857143,5,8
2023-08-26,3,B,48,0,0,39.0,29.0,49.142857142857146,5,8
2023-08-26,3,A,70,1,0,48.0,52.0,51.714285714285715,5,8
2023-08-26,2,A,71,0,0,70.0,52.0,54.42857142857143,5,8
2023-08-26,1,A,47,0,0,71.0,55.0,53.285714285714285,5,8
2023-08-26,2,C,52,0,0,47.0,54.0,53.0,5,8
2023-08-26,1,B,70,0,0,52.0,44.0,56.714285714285715,5,8
2023-08-26,2,D,30,0,0,70.0,39.0,55.42857142857143,5,8
2023-08-27,1,D,31,0,0,30.0,48.0,53.0,6,8
2023-08-27,1,B,68,0,0,31.0,70.0,52.714285714285715,6,8
2023-08-27,1,C,60,0,0,68.0,71.0,51.142857142857146,6,8
2023-08-27,2,A,75,0,0,60.0,47.0,55.142857142857146,6,8
2023-08-27,3,B,72,1,0,75.0,52.0,58.0,6,8
2023-08-27,3,D,50,0,0,72.0,70.0,55.142857142857146,6,8
2023-08-27,3,C,46,0,0,50.0,30.0,57.42857142857143,6,8
2023-08-27,3,A,71,1,0,46.0,31.0,63.142857142857146,6,8
2023-08-27,2,B,46,0,0,71.0,68.0,60.0,6,8
2023-08-27,2,D,36,0,0,46.0,60.0,56.57142857142857,6,8
2023-08-27,1,A,65,1,0,36.0,75.0,55.142857142857146,6,8
2023-08-27,2,C,49,0,0,65.0,72.0,51.857142857142854,6,8
2023-08-28,3,A,31,0,0,49.0,50.0,49.142857142857146,0,8
2023-08-28,1,D,29,0,0,31.0,46.0,46.714285714285715,0,8
2023-08-28,1,B,51,0,0,29.0,71.0,43.857142857142854,0,8
2023-08-28,2,A,54,0,0,51.0,46.0,45.0,0,8
2023-08-28,2,B,37,0,0,54.0,36.0,45.142857142857146,0,8
2023-08-28,2,D,21,0,0,37.0,65.0,38.857142857142854,0,8
2023-08-28,2,C,30,0,0,21.0,49.0,36.142857142857146,0,8
2023-08-28,1,C,66,1,0,30.0,31.0,41.142857142857146,0,8
2023-08-28,3,C,44,0,0,66.0,29.0,43.285714285714285,0,8
2023-08-28,1,A,32,0,0,44.0,51.0,40.57142857142857,0,8
2023-08-28,3,B,31,0,0,32.0,54.0,37.285714285714285,0,8
2023-08-28,3,D,43,0,0,31.0,37.0,38.142857142857146,0,8
2023-08-29,3,C,37,0,0,43.0,21.0,40.42857142857143,1,8
2023-08-29,2,B,42,0,0,37.0,30.0,42.142857142857146,1,8
2023-08-29,1,A,25,0,0,42.0,66.0,36.285714285714285,1,8
2023-08-29,2,C,32,0,0,25.0,44.0,34.57142857142857,1,8
2023-08-29,2,A,49,0,0,32.0,32.0,37.0,1,8
2023-08-29,1,C,47,0,0,49.0,31.0,39.285714285714285,1,8
2023-08-29,2,D,21,0,0,47.0,43.0,36.142857142857146,1,8
2023-08-29,1,B,57,0,0,21.0,37.0,39.0,1,8
2023-08-29,3,B,40,0,0,57.0,42.0,38.714285714285715,1,8
2023-08-29,1,D,26,0,0,40.0,25.0,38.857142857142854,1,8
2023-08-29,3,A,34,0,0,26.0,32.0,39.142857142857146,1,8
2023-08-29,3,D,41,0,0,34.0,49.0,38.0,1,8
2023-08-30,2,C,64,1,0,41.0,47.0,40.42857142857143,2,8
2023-08-30,3,B,48,0,0,64.0,21.0,44.285714285714285,2,8
2023-08-30,2,A,53,0,0,48.0,57.0,43.714285714285715,2,8
2023-08-30,1,D,21,0,0,53.0,40.0,41.0,2,8
2023-08-30,2,B,48,0,0,21.0,26.0,44.142857142857146,2,8
2023-08-30,2,D,24,0,0,48.0,34.0,42.714285714285715,2,8
2023-08-30,1,B,82,1,0,24.0,41.0,48.57142857142857,2,8
2023-08-30,1,A,26,0,0,82.0,64.0,43.142857142857146,2,8
2023-08-30,1,C,46,0,0,26.0,48.0,42.857142857142854,2,8
2023-08-30,3,C,37,0,0,46.0,53.0,40.57142857142857,2,8
2023-08-30,3,D,35,0,0,37.0,21.0,42.57142857142857,2,8
2023-08-30,3,A,35,0,0,35.0,48.0,40.714285714285715,2,8
2023-08-31,2,D,32,0,0,35.0,24.0,41.857142857142854,3,8
2023-08-31,1,D,29,0,0,32.0,82.0,34.285714285714285,3,8
2023-08-31,2,A,51,0,0,29.0,26.0,37.857142857142854,3,8
2023-08-31,1,C,73,1,0,51.0,46.0,41.714285714285715,3,8
2023-08-31,3,D,33,0,0,73.0,37.0,41.142857142857146,3,8
2023-08-31,1,B,37,0,0,33.0,35.0,41.42857142857143,3,8
2023-08-31,1,A,31,0,0,37.0,35.0,40.857142857142854,3,8
2023-08-31,3,A,31,0,0,31.0,32.0,40.714285714285715,3,8
2023-08-31,2,B,37,0,0,31.0,29.0,41.857142857142854,3,8
2023-08-31,3,B,34,0,0,37.0,51.0,39.42857142857143,3,8
2023-08-31,3,C,55,1,0,34.0,73.0,36.857142857142854,3,8
2023-08-31,2,C,37,0,0,55.0,33.0,37.42857142857143,3,8
2023-09-01,1,C,67,1,0,37.0,37.0,41.714285714285715,4,9
2023-09-01,2,A,54,0,0,67.0,31.0,45.0,4,9
2023-09-01,3,C,39,0,0,54.0,31.0,46.142857142857146,4,9
2023-09-01,2,C,39,0,0,39.0,37.0,46.42857142857143,4,9
2023-09-01,3,D,39,0,0,39.0,34.0,47.142857142857146,4,9
2023-09-01,2,D,26,0,0,39.0,55.0,43.0,4,9
2023-09-01,2,B,57,1,0,26.0,37.0,45.857142857142854,4,9
2023-09-01,1,B,50,0,0,57.0,67.0,43.42857142857143,4,9
2023-09-01,1,D,25,0,0,50.0,54.0,39.285714285714285,4,9
2023-09-01,3,B,62,1,0,25.0,39.0,42.57142857142857,4,9
2023-09-01,3,A,30,0,0,62.0,39.0,41.285714285714285,4,9
2023-09-01,1,A,28,0,0,30.0,39.0,39.714285714285715,4,9
2023-09-02,1,C,97,1,0,28.0,26.0,49.857142857142854,5,9
2023-09-02,2,B,51,0,0,97.0,57.0,49.0,5,9
2023-09-02,1,D,32,0,0,51.0,50.0,46.42857142857143,5,9
2023-09-02,2,D,35,0,0,32.0,25.0,47.857142857142854,5,9
2023-09-02,2,A,60,0,0,35.0,62.0,47.57142857142857,5,9
2023-09-02,1,B,96,1,0,60.0,30.0,57.0,5,9
2023-09-02,3,A,37,0,0,96.0,28.0,58.285714285714285,5,9
2023-09-02,3,D,42,0,0,37.0,97.0,50.42857142857143,5,9
2023-09-02,2,C,55,0,0,42.0,51.0,51.0,5,9
2023-09-02,3,C,50,0,0,55.0,32.0,53.57142857142857,5,9
2023-09-02,1,A,20,0,0,50.0,35.0,51.42857142857143,5,9
2023-09-02,3,B,72,1,0,20.0,60.0,53.142857142857146,5,9
2023-09-03,3,D,77,1,0,72.0,96.0,50.42857142857143,6,9
2023-09-03,2,A,107,1,0,77.0,37.0,60.42857142857143,6,9
2023-09-03,1,D,28,0,0,107.0,42.0,58.42857142857143,6,9
2023-09-03,1,B,61,0,0,28.0,55.0,59.285714285714285,6,9
2023-09-03,3,B,46,0,0,61.0,50.0,58.714285714285715,6,9
2023-09-03,3,A,43,0,0,46.0,20.0,62.0,6,9
2023-09-03,1,C,95,1,0,43.0,72.0,65.28571428571429,6,9
2023-09-03,1,A,56,1,0,95.0,77.0,62.285714285714285,6,9
2023-09-03,2,D,31,0,0,56.0,107.0,51.42857142857143,6,9
2023-09-03,2,C,48,0,0,31.0,28.0,54.285714285714285,6,9
2023-09-03,3,C,50,0,0,48.0,61.0,52.714285714285715,6,9
2023-09-03,2,B,76,1,0,50.0,46.0,57.0,6,9
2023-09-04,1,D,41,1,0,76.0,43.0,56.714285714285715,0,9
2023-09-04,2,D,26,0,0,41.0,95.0,46.857142857142854,0,9
2023-09-04,3,D,52,1,0,26.0,56.0,46.285714285714285,0,9
2023-09-04,2,C,50,1,0,52.0,31.0,49.0,0,9
2023-09-04,1,B,58,0,0,50.0,48.0,50.42857142857143,0,9
2023-09-04,2,A,74,1,0,58.0,50.0,53.857142857142854,0,9
2023-09-04,3,A,38,0,0,74.0,76.0,48.42857142857143,0,9
2023-09-04,3,C,38,0,0,38.0,41.0,48.0,0,9
2023-09-04,2,B,41,0,0,38.0,26.0,50.142857142857146,0,9
2023-09-04,1,A,26,0,0,41.0,52.0,46.42857142857143,0,9
2023-09-04,3,B,49,1,0,26.0,50.0,46.285714285714285,0,9
2023-09-04,1,C,57,0,0,49.0,58.0,46.142857142857146,0,9
2023-09-05,2,C,39,0,0,57.0,74.0,41.142857142857146,1,9
2023-09-05,1,D,34,0,0,39.0,38.0,40.57142857142857,1,9
2023-09-05,2,D,39,1,0,34.0,38.0,40.714285714285715,1,9
2023-09-05,3,D,34,0,0,39.0,41.0,39.714285714285715,1,9
2023-09-05,1,A,42,0,0,34.0,26.0,42.0,1,9
2023-09-05,1,C,52,0,0,42.0,49.0,42.42857142857143,1,9
2023-09-05,1,B,52,0,0,52.0,57.0,41.714285714285715,1,9
2023-09-05,3,C,33,0,0,52.0,39.0,40.857142857142854,1,9
2023-09-05,2,B,51,1,0,33.0,34.0,43.285714285714285,1,9
2023-09-05,3,A,55,1,0,51.0,39.0,45.57142857142857,1,9
2023-09-05,3,B,44,0,0,55.0,34.0,47.0,1,9
2023-09-05,2,A,48,0,0,44.0,42.0,47.857142857142854,1,9
2023-09-06,2,C,40,0,0,48.0,52.0,46.142857142857146,2,9
2023-09-06,2,A,52,0,0,40.0,52.0,46.142857142857146,2,9
2023-09-06,3,B,38,0,0,52.0,33.0,46.857142857142854,2,9
2023-09-06,2,B,38,0,0,38.0,51.0,45.0,2,9
2023-09-06,3,D,34,0,0,38.0,55.0,42.0,2,9
2023-09-06,1,B,54,0,0,34.0,44.0,43.42857142857143,2,9
2023-09-06,1,A,35,0,0,54.0,48.0,41.57142857142857,2,9
2023-09-06,1,C,40,0,0,35.0,40.0,41.57142857142857,2,9
2023-09-06,3,A,46,1,0,40.0,52.0,40.714285714285715,2,9
2023-09-06,3,C,60,1,0,46.0,38.0,43.857142857142854,2,9
2023-09-06,1,D,24,0,0,60.0,38.0,41.857142857142854,2,9
2023-09-06,2,D,28,0,0,24.0,34.0,41.0,2,9
2023-09-07,1,A,46,1,0,28.0,54.0,39.857142857142854,3,9
2023-09-07,3,C,41,0,0,46.0,35.0,40.714285714285715,3,9
2023-09-07,3,B,35,0,0,41.0,40.0,40.0,3,9
2023-09-07,3,D,42,0,0,35.0,46.0,39.42857142857143,3,9
2023-09-07,2,B,59,1,0,42.0,60.0,39.285714285714285,3,9
2023-09-07,1,C,46,0,0,59.0,24.0,42.42857142857143,3,9
2023-09-07,1,B,52,0,0,46.0,28.0,45.857142857142854,3,9
2023-09-07,1,D,21,0,0,52.0,46.0,42.285714285714285,3,9
2023-09-07,2,A,51,0,0,21.0,41.0,43.714285714285715,3,9
2023-09-07,2,C,35,0,0,51.0,35.0,43.714285714285715,3,9
2023-09-07,3,A,30,0,0,35.0,42.0,42.0,3,9
2023-09-07,2,D,36,1,0,30.0,59.0,38.714285714285715,3,9
2023-09-08,3,A,38,0,0,36.0,46.0,37.57142857142857,4,9
2023-09-08,2,B,43,0,0,38.0,52.0,36.285714285714285,4,9
2023-09-08,2,A,54,0,0,43.0,21.0,41.0,4,9
2023-09-08,1,A,29,0,0,54.0,51.0,37.857142857142854,4,9
2023-09-08,2,D,27,0,0,29.0,35.0,36.714285714285715,4,9
2023-09-08,3,D,33,0,0,27.0,30.0,37.142857142857146,4,9
2023-09-08,1,B,45,0,0,33.0,36.0,38.42857142857143,4,9
2023-09-08,1,D,18,0,0,45.0,38.0,35.57142857142857,4,9
2023-09-08,1,C,39,0,0,18.0,43.0,35.0,4,9
2023-09-08,2,C,33,0,0,39.0,54.0,32.0,4,9
2023-09-08,3,C,56,1,0,33.0,29.0,35.857142857142854,4,9
2023-09-08,3,B,36,0,0,56.0,27.0,37.142857142857146,4,9
2023-09-09,3,A,73,1,0,36.0,33.0,42.857142857142854,5,9
2023-09-09,1,B,94,1,0,73.0,45.0,49.857142857142854,5,9
2023-09-09,1,A,39,0,0,94.0,18.0,52.857142857142854,5,9
2023-09-09,2,C,82,1,0,39.0,39.0,59.0,5,9
2023-09-09,2,A,68,0,0,82.0,33.0,64.0,5,9
2023-09-09,1,C,95,1,0,68.0,56.0,69.57142857142857,5,9
2023-09-09,3,C,43,0,0,95.0,36.0,70.57142857142857,5,9
2023-09-09,2,B,46,0,0,43.0,73.0,66.71428571428571,5,9
2023-09-09,2,D,21,0,0,46.0,94.0,56.285714285714285,5,9
2023-09-09,3,D,45,0,0,21.0,39.0,57.142857142857146,5,9
2023-09-09,1,D,26,0,0,45.0,82.0,49.142857142857146,5,9
2023-09-09,3,B,52,0,0,26.0,68.0,46.857142857142854,5,9
2023-09-10,3,B,46,0,0,52.0,95.0,39.857142857142854,6,9
2023-09-10,2,A,72,0,0,46.0,43.0,44.0,6,9
2023-09-10,2,C,53,0,0,72.0,46.0,45.0,6,9
2023-09-10,3,A,43,0,0,53.0,21.0,48.142857142857146,6,9
2023-09-10,2,B,48,0,0,43.0,45.0,48.57142857142857,6,9
2023-09-10,3,D,58,0,0,48.0,26.0,53.142857142857146,6,9
2023-09-10,1,B,65,0,0,58.0,52.0,55.0,6,9
2023-09-10,3,C,45,0,0,65.0,46.0,54.857142857142854,6,9
2023-09-10,1,C,65,0,0,45.0,72.0,53.857142857142854,6,9
2023-09-10,1,A,39,0,0,65.0,53.0,51.857142857142854,6,9
2023-09-10,1,D,34,0,0,39.0,43.0,50.57142857142857,6,9
2023-09-10,2,D,25,0,0,34.0,48.0,47.285714285714285,6,9
2023-09-11,3,C,42,0,0,25.0,58.0,45.0,0,9
2023-09-11,2,A,77,1,0,42.0,65.0,46.714285714285715,0,9
2023-09-11,2,D,26,0,0,77.0,45.0,44.0,0,9
2023-09-11,3,B,51,1,0,26.0,65.0,42.0,0,9
2023-09-11,1,C,43,0,0,51.0,39.0,42.57142857142857,0,9
2023-09-11,1,A,27,0,0,43.0,34.0,41.57142857142857,0,9
2023-09-11,3,A,36,0,0,27.0,25.0,43.142857142857146,0,9
2023-09-11,2,C,36,0,0,36.0,42.0,42.285714285714285,0,9
2023-09-11,1,D,27,0,0,36.0,77.0,35.142857142857146,0,9
2023-09-11,3,D,41,0,0,27.0,26.0,37.285714285714285,0,9
2023-09-11,1,B,50,0,0,41.0,51.0,37.142857142857146,0,9
2023-09-11,2,B,38,0,0,50.0,43.0,36.42857142857143,0,9
2023-09-12,3,A,31,0,0,38.0,27.0,37.0,1,9
2023-09-12,2,A,53,0,0,31.0,36.0,39.42857142857143,1,9
2023-09-12,1,C,41,0,0,53.0,36.0,40.142857142857146,1,9
2023-09-12,3,D,39,0,0,41.0,27.0,41.857142857142854,1,9
2023-09-12,2,B,36,0,0,39.0,41.0,41.142857142857146,1,9
2023-09-12,2,C,33,0,0,36.0,50.0,38.714285714285715,1,9
2023-09-12,3,C,52,1,0,33.0,38.0,40.714285714285715,1,9
2023-09-12,3,B,37,0,0,52.0,31.0,41.57142857142857,1,9
2023-09-12,1,D,29,0,0,37.0,53.0,38.142857142857146,1,9
2023-09-12,1,A,28,0,0,29.0,41.0,36.285714285714285,1,9
2023-09-12,1,B,50,0,0,28.0,39.0,37.857142857142854,1,9
2023-09-12,2,D,33,1,0,50.0,36.0,37.42857142857143,1,9
2023-09-13,3,D,39,0,0,33.0,33.0,38.285714285714285,2,9
2023-09-13,2,A,60,0,0,39.0,52.0,39.42857142857143,2,9
2023-09-13,1,C,65,1,0,60.0,37.0,43.42857142857143,2,9
2023-09-13,2,D,28,0,0,65.0,29.0,43.285714285714285,2,9
2023-09-13,3,C,39,0,0,28.0,28.0,44.857142857142854,2,9
2023-09-13,1,B,50,0,0,39.0,50.0,44.857142857142854,2,9
2023-09-13,2,B,37,0,0,50.0,33.0,45.42857142857143,2,9
2023-09-13,1,A,32,0,0,37.0,39.0,44.42857142857143,2,9
2023-09-13,3,B,36,0,0,32.0,60.0,41.0,2,9
2023-09-13,1,D,26,0,0,36.0,65.0,35.42857142857143,2,9
2023-09-13,2,C,42,0,0,26.0,28.0,37.42857142857143,2,9
2023-09-13,3,A,58,1,0,42.0,39.0,40.142857142857146,2,9
2023-09-14,1,D,28,0,0,58.0,50.0,37.0,3,9
2023-09-14,2,A,48,0,0,28.0,37.0,38.57142857142857,3,9
2023-09-14,2,B,25,0,0,48.0,32.0,37.57142857142857,3,9
2023-09-14,3,D,28,0,0,25.0,36.0,36.42857142857143,3,9
2023-09-14,2,C,58,1,0,28.0,26.0,41.0,3,9
2023-09-14,1,C,54,0,0,58.0,42.0,42.714285714285715,3,9
2023-09-14,3,A,53,1,0,54.0,58.0,42.0,3,9
2023-09-14,3,C,60,1,0,53.0,28.0,46.57142857142857,3,9
2023-09-14,3,B,55,1,0,60.0,48.0,47.57142857142857,3,9
2023-09-14,1,A,28,0,0,55.0,25.0,48.0,3,9
2023-09-14,2,D,38,1,0,28.0,28.0,49.42857142857143,3,9
2023-09-14,1,B,89,1,0,38.0,58.0,53.857142857142854,3,9
2023-09-15,3,D,39,0,0,89.0,54.0,51.714285714285715,4,9
2023-09-15,3,C,56,1,0,39.0,53.0,52.142857142857146,4,9
2023-09-15,3,A,36,0,0,56.0,60.0,48.714285714285715,4,9
2023-09-15,1,B,83,1,0,36.0,55.0,52.714285714285715,4,9
2023-09-15,2,A,47,0,0,83.0,28.0,55.42857142857143,4,9
2023-09-15,2,B,71,1,0,47.0,38.0,60.142857142857146,4,9
2023-09-15,1,A,51,1,0,71.0,89.0,54.714285714285715,4,9
2023-09-15,3,B,35,0,0,51.0,39.0,54.142857142857146,4,9
2023-09-15,2,D,27,0,0,35.0,56.0,50.0,4,9
2023-09-15,1,C,48,0,0,27.0,36.0,51.714285714285715,4,9
2023-09-15,2,C,55,1,0,48.0,83.0,47.714285714285715,4,9
2023-09-15,1,D,34,0,0,55.0,47.0,45.857142857142854,4,9
2023-09-16,1,B,69,0,0,34.0,71.0,45.57142857142857,5,9
2023-09-16,2,D,38,0,0,69.0,51.0,43.714285714285715,5,9
2023-09-16,3,A,46,0,0,38.0,35.0,45.285714285714285,5,9
2023-09-16,3,D,56,0,0,46.0,27.0,49.42857142857143,5,9
2023-09-16,2,A,68,0,0,56.0,48.0,52.285714285714285,5,9
2023-09-16,2,C,80,1,0,68.0,55.0,55.857142857142854,5,9
2023-09-16,3,B,55,0,0,80.0,34.0,58.857142857142854,5,9
2023-09-16,1,A,30,0,0,55.0,69.0,53.285714285714285,5,9
2023-09-16,3,C,76,1,0,30.0,38.0,58.714285714285715,5,9
2023-09-16,2,B,59,0,0,76.0,46.0,60.57142857142857,5,9
2023-09-16,1,D,41,0,0,59.0,56.0,58.42857142857143,5,9
2023-09-16,1,C,66,0,0,41.0,68.0,58.142857142857146,5,9
2023-09-17,2,B,70,1,0,66.0,80.0,56.714285714285715,6,9
2023-09-17,3,D,46,0,0,70.0,55.0,55.42857142857143,6,9
2023-09-17,1,B,67,0,0,46.0,30.0,60.714285714285715,6,9
2023-09-17,1,D,41,0,0,67.0,76.0,55.714285714285715,6,9
2023-09-17,3,A,44,0,0,41.0,59.0,53.57142857142857,6,9
2023-09-17,3,C,54,0,0,44.0,41.0,55.42857142857143,6,9
2023-09-17,2,A,60,0,0,54.0,66.0,54.57142857142857,6,9
2023-09-17,1,A,44,0,0,60.0,70.0,50.857142857142854,6,9
2023-09-17,2,C,36,0,0,44.0,46.0,49.42857142857143,6,9
2023-09-17,1,C,58,0,0,36.0,67.0,48.142857142857146,6,9
2023-09-17,2,D,32,0,0,58.0,41.0,46.857142857142854,6,9
2023-09-17,3,B,62,0,0,32.0,44.0,49.42857142857143,6,9
2023-09-18,3,D,50,1,0,62.0,54.0,48.857142857142854,0,9
2023-09-18,2,C,58,1,0,50.0,60.0,48.57142857142857,0,9
2023-09-18,2,B,36,0,0,58.0,44.0,47.42857142857143,0,9
2023-09-18,3,C,38,0,0,36.0,36.0,47.714285714285715,0,9
2023-09-18,1,A,32,0,0,38.0,58.0,44.0,0,9
2023-09-18,3,B,32,0,0,32.0,32.0,44.0,0,9
2023-09-18,2,A,48,0,0,32.0,62.0,42.0,0,9
2023-09-18,3,A,35,0,0,48.0,50.0,39.857142857142854,0,9
2023-09-18,2,D,18,0,0,35.0,58.0,34.142857142857146,0,9
2023-09-18,1,B,52,0,0,18.0,36.0,36.42857142857143,0,9
2023-09-18,1,C,43,0,0,52.0,38.0,37.142857142857146,0,9
2023-09-18,1,D,32,0,0,43.0,32.0,37.142857142857146,0,9
2023-09-19,1,C,44,0,0,32.0,32.0,38.857142857142854,1,9
2023-09-19,3,A,39,0,0,44.0,48.0,37.57142857142857,1,9
2023-09-19,3,C,35,0,0,39.0,35.0,37.57142857142857,1,9
2023-09-19,2,D,21,0,0,35.0,18.0,38.0,1,9
2023-09-19,2,B,28,0,0,21.0,52.0,34.57142857142857,1,9
2023-09-19,2,C,41,0,0,28.0,43.0,34.285714285714285,1,9
2023-09-19,3,D,48,1,0,41.0,32.0,36.57142857142857,1,9
2023-09-19,1,A,19,0,0,48.0,44.0,33.0,1,9
2023-09-19,2,A,73,1,0,19.0,39.0,37.857142857142854,1,9
2023-09-19,1,D,30,0,0,73.0,35.0,37.142857142857146,1,9
2023-09-19,1,B,82,1,0,30.0,21.0,45.857142857142854,1,9
2023-09-19,3,B,27,0,0,82.0,28.0,45.714285714285715,1,9
2023-09-20,2,C,42,0,0,27.0,41.0,45.857142857142854,2,9
2023-09-20,1,A,37,0,0,42.0,48.0,44.285714285714285,2,9
2023-09-20,2,A,41,0,0,37.0,19.0,47.42857142857143,2,9
2023-09-20,1,C,45,0,0,41.0,73.0,43.42857142857143,2,9
2023-09-20,3,A,30,0,0,45.0,30.0,43.42857142857143,2,9
2023-09-20,2,D,31,0,0,30.0,82.0,36.142857142857146,2,9
2023-09-20,1,B,52,0,0,31.0,27.0,39.714285714285715,2,9
2023-09-20,3,B,36,0,0,52.0,42.0,38.857142857142854,2,9
2023-09-20,3,C,33,0,0,36.0,37.0,38.285714285714285,2,9
2023-09-20,1,D,33,1,0,33.0,41.0,37.142857142857146,2,9
2023-09-20,3,D,52,1,0,33.0,45.0,38.142857142857146,2,9
2023-09-20,2,B,27,0,0,52.0,30.0,37.714285714285715,2,9
2023-09-21,2,B,39,0,0,27.0,31.0,38.857142857142854,3,9
2023-09-21,1,D,40,1,0,39.0,52.0,37.142857142857146,3,9
2023-09-21,1,A,25,0,0,40.0,36.0,35.57142857142857,3,9
2023-09-21,1,B,57,0,0,25.0,33.0,39.0,3,9
2023-09-21,1,C,72,1,0,57.0,33.0,44.57142857142857,3,9
2023-09-21,2,D,33,0,0,72.0,52.0,41.857142857142854,3,9
2023-09-21,3,A,34,0,0,33.0,27.0,42.857142857142854,3,9
2023-09-21,3,B,27,0,0,34.0,39.0,41.142857142857146,3,9
2023-09-21,2,C,46,0,0,27.0,40.0,42.0,3,9
2023-09-21,3,C,56,1,0,46.0,25.0,46.42857142857143,3,9
2023-09-21,3,D,31,0,0,56.0,57.0,42.714285714285715,3,9
2023-09-21,2,A,49,0,0,31.0,72.0,39.42857142857143,3,9
2023-09-22,1,D,28,0,0,49.0,33.0,38.714285714285715,4,9
2023-09-22,3,C,39,0,0,28.0,34.0,39.42857142857143,4,9
2023-09-22,2,C,51,1,0,39.0,27.0,42.857142857142854,4,9
2023-09-22,1,C,45,0,0,51.0,46.0,42.714285714285715,4,9
2023-09-22,2,B,41,0,0,45.0,56.0,40.57142857142857,4,9
2023-09-22,1,B,54,0,0,41.0,31.0,43.857142857142854,4,9
2023-09-22,2,A,51,0,0,54.0,49.0,44.142857142857146,4,9
2023-09-22,3,D,40,0,0,51.0,28.0,45.857142857142854,4,9
2023-09-22,1,A,34,0,0,40.0,39.0,45.142857142857146,4,9
2023-09-22,2,D,23,0,0,34.0,51.0,41.142857142857146,4,9
2023-09-22,3,B,30,0,0,23.0,45.0,39.0,4,9
2023-09-22,3,A,32,0,0,30.0,41.0,37.714285714285715,4,9
2023-09-23,1,C,95,1,0,32.0,54.0,43.57142857142857,5,9
2023-09-23,2,C,46,0,0,95.0,51.0,42.857142857142854,5,9
2023-09-23,3,A,48,0,0,46.0,40.0,44.0,5,9
2023-09-23,1,D,31,0,0,48.0,34.0,43.57142857142857,5,9
2023-09-23,2,A,65,0,0,31.0,23.0,49.57142857142857,5,9
2023-09-23,1,A,37,0,0,65.0,30.0,50.57142857142857,5,9
2023-09-23,2,B,51,0,0,37.0,32.0,53.285714285714285,5,9
2023-09-23,3,D,53,0,0,51.0,95.0,47.285714285714285,5,9
2023-09-23,3,C,63,0,0,53.0,46.0,49.714285714285715,5,9
2023-09-23,1,B,78,0,0,63.0,48.0,54.0,5,9
2023-09-23,2,D,51,1,0,78.0,31.0,56.857142857142854,5,9
2023-09-23,3,B,46,0,0,51.0,65.0,54.142857142857146,5,9
2023-09-24,3,A,47,0,0,46.0,37.0,55.57142857142857,6,9
2023-09-24,2,A,62,0,0,47.0,51.0,57.142857142857146,6,9
2023-09-24,3,C,65,1,0,62.0,53.0,58.857142857142854,6,9
2023-09-24,2,D,25,0,0,65.0,63.0,53.42857142857143,6,9
2023-09-24,3,B,52,0,0,25.0,78.0,49.714285714285715,6,9
2023-09-24,1,A,51,1,0,52.0,51.0,49.714285714285715,6,9
2023-09-24,2,C,55,0,0,51.0,46.0,51.0,6,9
2023-09-24,1,B,67,0,0,55.0,47.0,53.857142857142854,6,9
2023-09-24,1,C,60,0,0,67.0,62.0,53.57142857142857,6,9
2023-09-24,2,B,43,0,0,60.0,65.0,50.42857142857143,6,9
2023-09-24,3,D,53,0,0,43.0,25.0,54.42857142857143,6,9
2023-09-24,1,D,44,0,0,53.0,52.0,53.285714285714285,6,9
2023-09-25,2,D,28,0,0,44.0,51.0,50.0,0,9
2023-09-25,1,A,47,1,0,28.0,55.0,48.857142857142854,0,9
2023-09-25,1,D,25,0,0,47.0,67.0,42.857142857142854,0,9
2023-09-25,2,B,40,0,0,25.0,60.0,40.0,0,9
2023-09-25,2,A,68,1,0,40.0,43.0,43.57142857142857,0,9
2023-09-25,1,C,43,0,0,68.0,53.0,42.142857142857146,0,9
2023-09-25,1,B,58,0,0,43.0,44.0,44.142857142857146,0,9
2023-09-25,2,C,41,0,0,58.0,28.0,46.0,0,9
2023-09-25,3,B,36,0,0,41.0,47.0,44.42857142857143,0,9
2023-09-25,3,C,40,0,0,36.0,25.0,46.57142857142857,0,9
2023-09-25,3,D,36,0,0,40.0,40.0,46.0,0,9
2023-09-25,3,A,48,1,0,36.0,68.0,43.142857142857146,0,9
2023-09-26,1,D,33,1,0,48.0,43.0,41.714285714285715,1,9
2023-09-26,1,C,47,0,0,33.0,58.0,40.142857142857146,1,9
2023-09-26,1,A,28,0,0,47.0,41.0,38.285714285714285,1,9
2023-09-26,2,C,44,0,0,28.0,36.0,39.42857142857143,1,9
2023-09-26,3,B,26,0,0,44.0,40.0,37.42857142857143,1,9
2023-09-26,3,C,38,0,0,26.0,36.0,37.714285714285715,1,9
2023-09-26,2,D,43,1,0,38.0,48.0,37.0,1,9
2023-09-26,1,B,47,0,0,43.0,33.0,39.0,1,9
2023-09-26,3,A,34,0,0,47.0,47.0,37.142857142857146,1,9
2023-09-26,2,A,50,0,0,34.0,28.0,40.285714285714285,1,9
2023-09-26,3,D,44,0,0,50.0,44.0,40.285714285714285,1,9
2023-09-26,2,B,36,0,0,44.0,26.0,41.714285714285715,1,9
2023-09-27,3,A,32,0,0,36.0,38.0,40.857142857142854,2,9
2023-09-27,2,C,36,0,0,32.0,43.0,39.857142857142854,2,9
2023-09-27,1,B,49,0,0,36.0,47.0,40.142857142857146,2,9
2023-09-27,3,D,28,0,0,49.0,34.0,39.285714285714285,2,9
2023-09-27,2,B,34,0,0,28.0,50.0,37.0,2,9
2023-09-27,1,A,29,0,0,34.0,44.0,34.857142857142854,2,9
2023-09-27,3,C,38,0,0,29.0,36.0,35.142857142857146,2,9
2023-09-27,2,A,51,0,0,38.0,32.0,37.857142857142854,2,9
2023-09-27,2,D,24,0,0,51.0,36.0,36.142857142857146,2,9
2023-09-27,3,B,36,0,0,24.0,49.0,34.285714285714285,2,9
2023-09-27,1,C,51,0,0,36.0,28.0,37.57142857142857,2,9
2023-09-27,1,D,25,0,0,51.0,34.0,36.285714285714285,2,9
2023-09-28,3,C,55,1,0,25.0,29.0,40.0,3,9
2023-09-28,3,D,35,0,0,55.0,38.0,39.57142857142857,3,9
2023-09-28,2,A,44,0,0,35.0,51.0,38.57142857142857,3,9
2023-09-28,3,B,36,0,0,44.0,24.0,40.285714285714285,3,9
2023-09-28,1,B,88,1,0,36.0,36.0,47.714285714285715,3,9
2023-09-28,2,C,39,0,0,88.0,51.0,46.0,3,9
2023-09-28,1,D,29,0,0,39.0,25.0,46.57142857142857,3,9
2023-09-28,1,A,33,0,0,29.0,55.0,43.42857142857143,3,9
2023-09-28,2,B,30,0,0,33.0,35.0,42.714285714285715,3,9
2023-09-28,2,D,30,0,0,30.0,44.0,40.714285714285715,3,9
2023-09-28,3,A,51,1,0,30.0,36.0,42.857142857142854,3,9
2023-09-28,1,C,44,0,0,51.0,88.0,36.57142857142857,3,9
2023-09-29,1,A,28,0,0,44.0,39.0,35.0,4,9
2023-09-29,2,A,50,0,0,28.0,29.0,38.0,4,9
2023-09-29,2,B,33,0,0,50.0,33.0,38.0,4,9
2023-09-29,3,D,36,0,0,33.0,30.0,38.857142857142854,4,9
2023-09-29,1,B,57,0,0,36.0,30.0,42.714285714285715,4,9
2023-09-29,2,C,39,0,0,57.0,51.0,41.0,4,9
2023-09-29,3,A,31,0,0,39.0,44.0,39.142857142857146,4,9
2023-09-29,3,C,40,0,0,31.0,28.0,40.857142857142854,4,9
2023-09-29,2,D,31,0,0,40.0,50.0,38.142857142857146,4,9
2023-09-29,1,C,50,0,0,31.0,33.0,40.57142857142857,4,9
2023-09-29,3,B,37,0,0,50.0,36.0,40.714285714285715,4,9
2023-09-29,1,D,37,1,0,37.0,57.0,37.857142857142854,4,9
2023-09-30,3,B,54,0,0,37.0,39.0,40.0,5,9
2023-09-30,2,B,50,0,0,54.0,31.0,42.714285714285715,5,9
2023-09-30,2,D,32,0,0,50.0,40.0,41.57142857142857,5,9
2023-09-30,2,A,68,0,0,32.0,31.0,46.857142857142854,5,9
2023-09-30,3,D,53,0,0,68.0,50.0,47.285714285714285,5,9
2023-09-30,1,D,35,0,0,53.0,37.0,47.0,5,9
2023-09-30,3,C,49,0,0,35.0,37.0,48.714285714285715,5,9
2023-09-30,2,C,53,0,0,49.0,54.0,48.57142857142857,5,9
2023-09-30,1,A,35,0,0,53.0,50.0,46.42857142857143,5,9
2023-09-30,1,C,61,0,0,35.0,32.0,50.57142857142857,5,9
2023-09-30,3,A,41,0,0,61.0,68.0,46.714285714285715,5,9
2023-09-30,1,B,105,1,0,41.0,53.0,54.142857142857146,5,9
2023-10-01,1,B,80,0,0,105.0,35.0,60.57142857142857,6,10
2023-10-01,3,B,78,1,0,80.0,49.0,64.71428571428571,6,10
2023-10-01,3,D,43,0,0,78.0,53.0,63.285714285714285,6,10
2023-10-01,3,C,77,1,0,43.0,35.0,69.28571428571429,6,10
2023-10-01,2,C,53,0,0,77.0,61.0,68.14285714285714,6,10
2023-10-01,2,A,104,1,0,53.0,41.0,77.14285714285714,6,10
2023-10-01,2,B,49,0,0,104.0,105.0,69.14285714285714,6,10
2023-10-01,1,D,45,1,0,49.0,80.0,64.14285714285714,6,10
2023-10-01,1,C,85,1,0,45.0,78.0,65.14285714285714,6,10
2023-10-01,3,A,57,1,0,85.0,43.0,67.14285714285714,6,10
2023-10-01,2,D,24,0,0,57.0,77.0,59.57142857142857,6,10
2023-10-01,1,A,37,0,0,24.0,53.0,57.285714285714285,6,10
2023-10-02,3,B,38,0,0,37.0,104.0,47.857142857142854,0,10
2023-10-02,2,B,37,0,0,38.0,49.0,46.142857142857146,0,10
2023-10-02,3,A,45,1,0,37.0,45.0,46.142857142857146,0,10
2023-10-02,2,C,43,0,0,45.0,85.0,40.142857142857146,0,10
2023-10-02,2,A,55,0,0,43.0,57.0,39.857142857142854,0,10
2023-10-02,1,D,25,0,0,55.0,24.0,40.0,0,10
2023-10-02,1,A,23,0,0,25.0,37.0,38.0,0,10
2023-10-02,3,D,39,0,0,23.0,38.0,38.142857142857146,0,10
2023-10-02,3,C,36,0,0,39.0,37.0,38.0,0,10
2023-10-02,1,C,52,0,0,36.0,45.0,39.0,0,10
2023-10-02,2,D,33,1,0,52.0,43.0,37.57142857142857,0,10
2023-10-02,1,B,79,1,0,33.0,55.0,41.0,0,10
2023-10-03,1,D,27,0,0,79.0,25.0,41.285714285714285,1,10
2023-10-03,3,C,60,1,0,27.0,23.0,46.57142857142857,1,10
2023-10-03,2,A,57,0,0,60.0,39.0,49.142857142857146,1,10
2023-10-03,2,B,25,0,0,57.0,36.0,47.57142857142857,1,10
2023-10-03,3,B,48,0,0,25.0,52.0,47.0,1,10
2023-10-03,3,A,42,0,0,48.0,33.0,48.285714285714285,1,10
2023-10-03,1,C,47,0,0,42.0,79.0,43.714285714285715,1,10
2023-10-03,2,D,28,0,0,47.0,27.0,43.857142857142854,1,10
2023-10-03,1,B,58,0,0,28.0,60.0,43.57142857142857,1,10
2023-10-03,2,C,39,0,0,58.0,57.0,41.0,1,10
2023-10-03,3,D,43,0,0,39.0,25.0,43.57142857142857,1,10
2023-10-03,1,A,30,0,0,43.0,48.0,41.0,1,10
2023-10-04,3,A,48,1,0,30.0,42.0,41.857142857142854,2,10
2023-10-04,1,C,52,0,0,48.0,47.0,42.57142857142857,2,10
2023-10-04,2,C,63,1,0,52.0,28.0,47.57142857142857,2,10
2023-10-04,3,C,58,1,0,63.0,58.0,47.57142857142857,2,10
2023-10-04,2,D,26,0,0,58.0,39.0,45.714285714285715,2,10
2023-10-04,3,D,42,0,0,26.0,43.0,45.57142857142857,2,10
2023-10-04,1,D,27,0,0,42.0,30.0,45.142857142857146,2,10
2023-10-04,1,B,58,0,0,27.0,48.0,46.57142857142857,2,10
2023-10-04,3,B,49,1,0,58.0,52.0,46.142857142857146,2,10
2023-10-04,2,A,49,0,0,49.0,63.0,44.142857142857146,2,10
2023-10-04,1,A,30,0,0,49.0,58.0,40.142857142857146,2,10
2023-10-04,2,B,37,0,0,30.0,26.0,41.714285714285715,2,10
2023-10-05,2,D,24,0,0,37.0,42.0,39.142857142857146,3,10
2023-10-05,3,B,54,1,0,24.0,27.0,43.0,3,10
2023-10-05,3,A,57,1,0,54.0,58.0,42.857142857142854,3,10
2023-10-05,2,C,43,0,0,57.0,49.0,42.0,3,10
2023-10-05,3,C,50,0,0,43.0,49.0,42.142857142857146,3,10
2023-10-05,1,C,49,0,0,50.0,30.0,44.857142857142854,3,10
2023-10-05,1,A,30,0,0,49.0,37.0,43.857142857142854,3,10
2023-10-05,2,B,33,0,0,30.0,24.0,45.142857142857146,3,10
2023-10-05,3,D,35,0,0,33.0,54.0,42.42857142857143,3,10
2023-10-05,1,D,31,0,0,35.0,57.0,38.714285714285715,3,10
2023-10-05,2,A,76,1,0,31.0,43.0,43.42857142857143,3,10
2023-10-05,1,B,61,0,0,76.0,50.0,45.0,3,10
2023-10-06,2,B,38,0,0,61.0,49.0,43.42857142857143,4,10
2023-10-06,3,B,56,1,0,38.0,30.0,47.142857142857146,4,10
2023-10-06,1,B,47,0,0,56.0,33.0,49.142857142857146,4,10
2023-10-06,3,A,40,0,0,47.0,35.0,49.857142857142854,4,10
2023-10-06,3,D,60,1,0,40.0,31.0,54.0,4,10
2023-10-06,3,C,44,0,0,60.0,76.0,49.42857142857143,4,10
2023-10-06,2,A,74,1,0,44.0,61.0,51.285714285714285,4,10
2023-10-06,1,D,22,0,0,74.0,38.0,49.0,4,10
2023-10-06,2,C,39,0,0,22.0,56.0,46.57142857142857,4,10
2023-10-06,1,A,48,1,0,39.0,47.0,46.714285714285715,4,10
2023-10-06,2,D,18,0,0,48.0,40.0,43.57142857142857,4,10
2023-10-06,1,C,41,0,0,18.0,60.0,40.857142857142854,4,10
2023-10-07,2,D,47,1,0,41.0,44.0,41.285714285714285,5,10
2023-10-07,3,C,52,0,0,47.0,74.0,38.142857142857146,5,10
2023-10-07,1,B,68,0,0,52.0,22.0,44.714285714285715,5,10
2023-10-07,1,D,37,0,0,68.0,39.0,44.42857142857143,5,10
2023-10-07,3,D,73,1,0,37.0,48.0,48.0,5,10
2023-10-07,1,A,35,0,0,73.0,18.0,50.42857142857143,5,10
2023-10-07,3,A,40,0,0,35.0,41.0,50.285714285714285,5,10
2023-10-07,1,C,50,0,0,40.0,47.0,50.714285714285715,5,10
2023-10-07,3,B,49,0,0,50.0,52.0,50.285714285714285,5,10
2023-10-07,2,B,78,1,0,49.0,68.0,51.714285714285715,5,10
2023-10-07,2,A,68,0,0,78.0,37.0,56.142857142857146,5,10
2023-10-07,2,C,50,0,0,68.0,73.0,52.857142857142854,5,10
2023-10-08,3,C,59,0,0,50.0,35.0,56.285714285714285,6,10
2023-10-08,3,A,35,0,0,59.0,40.0,55.57142857142857,6,10
2023-10-08,1,C,56,0,0,35.0,50.0,56.42857142857143,6,10
2023-10-08,2,D,38,0,0,56.0,49.0,54.857142857142854,6,10
2023-10-08,3,D,48,0,0,38.0,78.0,50.57142857142857,6,10
2023-10-08,3,B,42,0,0,48.0,68.0,46.857142857142854,6,10
2023-10-08,1,B,105,1,0,42.0,50.0,54.714285714285715,6,10
2023-10-08,1,A,41,0,0,105.0,59.0,52.142857142857146,6,10
2023-10-08,2,A,76,0,0,41.0,35.0,58.0,6,10
2023-10-08,2,B,45,0,0,76.0,56.0,56.42857142857143,6,10
2023-10-08,2,C,52,0,0,45.0,38.0,58.42857142857143,6,10
2023-10-08,1,D,38,0,0,52.0,48.0,57.0,6,10
2023-10-09,2,A,78,1,0,38.0,42.0,62.142857142857146,0,10
2023-10-09,3,C,36,0,0,78.0,105.0,52.285714285714285,0,10
2023-10-09,2,B,37,0,0,36.0,41.0,51.714285714285715,0,10
2023-10-09,3,A,42,1,0,37.0,76.0,46.857142857142854,0,10
2023-10-09,1,C,35,0,0,42.0,45.0,45.42857142857143,0,10
2023-10-09,2,D,34,0,0,35.0,52.0,42.857142857142854,0,10
2023-10-09,3,B,28,0,0,34.0,38.0,41.42857142857143,0,10
2023-10-09,2,C,62,1,0,28.0,78.0,39.142857142857146,0,10
2023-10-09,3,D,38,0,0,62.0,36.0,39.42857142857143,0,10
2023-10-09,1,B,61,0,0,38.0,37.0,42.857142857142854,0,10
2023-10-09,1,A,41,1,0,61.0,42.0,42.714285714285715,0,10
2023-10-09,1,D,24,0,0,41.0,35.0,41.142857142857146,0,10
2023-10-10,1,B,81,1,0,24.0,34.0,47.857142857142854,1,10
2023-10-10,3,C,41,0,0,81.0,28.0,49.714285714285715,1,10
2023-10-10,1,A,24,0,0,41.0,62.0,44.285714285714285,1,10
2023-10-10,2,B,65,1,0,24.0,38.0,48.142857142857146,1,10
2023-10-10,1,C,50,0,0,65.0,61.0,46.57142857142857,1,10
2023-10-10,2,D,26,0,0,50.0,41.0,44.42857142857143,1,10
2023-10-10,3,A,30,0,0,26.0,24.0,45.285714285714285,1,10
2023-10-10,2,A,41,0,0,30.0,81.0,39.57142857142857,1,10
2023-10-10,1,D,23,0,0,41.0,41.0,37.0,1,10
2023-10-10,3,D,47,0,0,23.0,24.0,40.285714285714285,1,10
2023-10-10,3,B,57,1,0,47.0,65.0,39.142857142857146,1,10
2023-10-10,2,C,54,0,0,57.0,50.0,39.714285714285715,1,10
2023-10-11,1,B,59,0,0,54.0,26.0,44.42857142857143,2,10
2023-10-11,3,C,37,0,0,59.0,30.0,45.42857142857143,2,10
2023-10-11,3,A,44,0,0,37.0,41.0,45.857142857142854,2,10
2023-10-11,1,A,21,0,0,44.0,23.0,45.57142857142857,2,10
2023-10-11,2,B,56,1,0,21.0,47.0,46.857142857142854,2,10
2023-10-11,2,A,46,0,0,56.0,57.0,45.285714285714285,2,10
2023-10-11,2,C,40,0,0,46.0,54.0,43.285714285714285,2,10
2023-10-11,3,D,47,0,0,40.0,59.0,41.57142857142857,2,10
2023-10-11,1,D,36,0,0,47.0,37.0,41.42857142857143,2,10
2023-10-11,2,D,17,0,0,36.0,44.0,37.57142857142857,2,10
2023-10-11,3,B,30,0,0,17.0,21.0,38.857142857142854,2,10
2023-10-11,1,C,49,0,0,30.0,56.0,37.857142857142854,2,10
2023-10-12,1,D,26,0,0,49.0,46.0,35.0,3,10
2023-10-12,1,A,31,0,0,26.0,40.0,33.714285714285715,3,10
2023-10-12,2,C,57,1,0,31.0,47.0,35.142857142857146,3,10
2023-10-12,3,B,34,0,0,57.0,36.0,34.857142857142854,3,10
2023-10-12,3,C,45,0,0,34.0,17.0,38.857142857142854,3,10
2023-10-12,2,D,27,0,0,45.0,30.0,38.42857142857143,3,10
2023-10-12,1,B,73,1,0,27.0,49.0,41.857142857142854,3,10
2023-10-12,1,C,41,0,0,73.0,26.0,44.0,3,10
2023-10-12,3,A,49,1,0,41.0,31.0,46.57142857142857,3,10
2023-10-12,2,B,36,0,0,49.0,57.0,43.57142857142857,3,10
2023-10-12,3,D,43,0,0,36.0,34.0,44.857142857142854,3,10
2023-10-12,2,A,52,0,0,43.0,45.0,45.857142857142854,3,10
2023-10-13,3,C,55,1,0,52.0,27.0,49.857142857142854,4,10
2023-10-13,1,B,51,0,0,55.0,73.0,46.714285714285715,4,10
2023-10-13,2,B,51,1,0,51.0,41.0,48.142857142857146,4,10
2023-10-13,2,A,66,1,0,51.0,49.0,50.57142857142857,4,10
2023-10-13,2,C,30,0,0,66.0,36.0,49.714285714285715,4,10
2023-10-13,1,A,38,1,0,30.0,43.0,49.0,4,10
2023-10-13,1,D,29,0,0,38.0,52.0,45.714285714285715,4,10
2023-10-13,3,D,33,0,0,29.0,55.0,42.57142857142857,4,10
2023-10-13,2,D,27,0,0,33.0,51.0,39.142857142857146,4,10
2023-10-13,3,A,35,0,0,27.0,51.0,36.857142857142854,4,10
2023-10-13,1,C,46,0,0,35.0,66.0,34.0,4,10
2023-10-13,3,B,38,0,0,46.0,30.0,35.142857142857146,4,10
2023-10-14,1,B,110,1,0,38.0,38.0,45.42857142857143,5,10
2023-10-14,1,C,67,0,0,110.0,29.0,50.857142857142854,5,10
2023-10-14,3,B,43,0,0,67.0,33.0,52.285714285714285,5,10
2023-10-14,1,A,31,0,0,43.0,27.0,52.857142857142854,5,10
2023-10-14,3,C,56,0,0,31.0,35.0,55.857142857142854,5,10
2023-10-14,2,B,52,0,0,56.0,46.0,56.714285714285715,5,10
2023-10-14,1,D,56,1,0,52.0,38.0,59.285714285714285,5,10
2023-10-14,2,D,32,0,0,56.0,110.0,48.142857142857146,5,10
2023-10-14,3,D,55,0,0,32.0,67.0,46.42857142857143,5,10
2023-10-14,2,A,70,0,0,55.0,43.0,50.285714285714285,5,10
2023-10-14,3,A,74,1,0,70.0,31.0,56.42857142857143,5,10
2023-10-14,2,C,56,0,0,74.0,56.0,56.42857142857143,5,10
2023-10-15,2,D,48,1,0,56.0,52.0,55.857142857142854,6,10
2023-10-15,2,B,67,1,0,48.0,56.0,57.42857142857143,6,10
2023-10-15,3,C,48,0,0,67.0,32.0,59.714285714285715,6,10
2023-10-15,3,D,50,0,0,48.0,55.0,59.0,6,10
2023-10-15,1,B,68,0,0,50.0,70.0,58.714285714285715,6,10
2023-10-15,1,D,47,1,0,68.0,74.0,54.857142857142854,6,10
2023-10-15,1,C,60,0,0,47.0,56.0,55.42857142857143,6,10
2023-10-15,1,A,40,0,0,60.0,48.0,54.285714285714285,6,10
2023-10-15,2,C,45,0,0,40.0,67.0,51.142857142857146,6,10
2023-10-15,3,B,51,0,0,45.0,48.0,51.57142857142857,6,10
2023-10-15,2,A,63,0,0,51.0,50.0,53.42857142857143,6,10
2023-10-15,3,A,68,1,0,63.0,68.0,53.42857142857143,6,10
2023-10-16,2,A,57,0,0,68.0,47.0,54.857142857142854,0,10
2023-10-16,1,D,28,0,0,57.0,60.0,50.285714285714285,0,10
2023-10-16,3,B,34,0,0,28.0,40.0,49.42857142857143,0,10
2023-10-16,2,D,26,0,0,34.0,45.0,46.714285714285715,0,10
2023-10-16,1,B,53,0,0,26.0,51.0,47.0,0,10
2023-10-16,1,C,78,1,0,53.0,63.0,49.142857142857146,0,10
2023-10-16,1,A,36,0,0,78.0,68.0,44.57142857142857,0,10
2023-10-16,2,C,52,0,0,36.0,57.0,43.857142857142854,0,10
2023-10-16,2,B,43,0,0,52.0,28.0,46.0,0,10
2023-10-16,3,D,42,0,0,43.0,34.0,47.142857142857146,0,10
2023-10-16,3,C,30,0,0,42.0,26.0,47.714285714285715,0,10
2023-10-16,3,A,52,1,0,30.0,53.0,47.57142857142857,0,10
2023-10-17,2,A,58,0,0,52.0,78.0,44.714285714285715,1,10
2023-10-17,2,B,40,0,0,58.0,36.0,45.285714285714285,1,10
2023-10-17,2,D,43,1,0,40.0,52.0,44.0,1,10
2023-10-17,3,D,35,0,0,43.0,43.0,42.857142857142854,1,10
2023-10-17,1,D,28,0,0,35.0,42.0,40.857142857142854,1,10
2023-10-17,1,C,49,0,0,28.0,30.0,43.57142857142857,1,10
2023-10-17,1,B,61,0,0,49.0,52.0,44.857142857142854,1,10
2023-10-17,3,C,41,0,0,61.0,58.0,42.42857142857143,1,10
2023-10-17,2,C,42,0,0,41.0,40.0,42.714285714285715,1,10
2023-10-17,3,B,36,0,0,42.0,43.0,41.714285714285715,1,10
2023-10-17,1,A,23,0,0,36.0,35.0,40.0,1,10
2023-10-17,3,A,37,0,0,23.0,28.0,41.285714285714285,1,10
2023-10-18,3,C,43,0,0,37.0,49.0,40.42857142857143,2,10
2023-10-18,1,D,36,0,0,43.0,61.0,36.857142857142854,2,10
2023-10-18,3,D,42,0,0,36.0,41.0,37.0,2,10
2023-10-18,1,A,32,0,0,42.0,42.0,35.57142857142857,2,10
2023-10-18,2,C,49,0,0,32.0,36.0,37.42857142857143,2,10
2023-10-18,1,C,47,0,0,49.0,23.0,40.857142857142854,2,10
2023-10-18,3,A,48,1,0,47.0,37.0,42.42857142857143,2,10
2023-10-18,2,A,77,1,0,48.0,43.0,47.285714285714285,2,10
2023-10-18,2,B,34,0,0,77.0,36.0,47.0,2,10
2023-10-18,2,D,25,0,0,34.0,42.0,44.57142857142857,2,10
2023-10-18,1,B,49,0,0,25.0,32.0,47.0,2,10
2023-10-18,3,B,40,0,0,49.0,49.0,45.714285714285715,2,10
2023-10-19,3,A,35,0,0,40.0,47.0,44.0,3,10
2023-10-19,2,D,24,0,0,35.0,48.0,40.57142857142857,3,10
2023-10-19,1,D,28,0,0,24.0,77.0,33.57142857142857,3,10
2023-10-19,1,B,50,0,0,28.0,34.0,35.857142857142854,3,10
2023-10-19,1,A,38,0,0,50.0,25.0,37.714285714285715,3,10
2023-10-19,3,C,62,1,0,38.0,49.0,39.57142857142857,3,10
2023-10-19,3,D,43,0,0,62.0,40.0,40.0,3,10
2023-10-19,2,C,44,0,0,43.0,35.0,41.285714285714285,3,10
2023-10-19,1,C,49,0,0,44.0,24.0,44.857142857142854,3,10
2023-10-19,2,A,52,0,0,49.0,28.0,48.285714285714285,3,10
2023-10-19,2,B,51,1,0,52.0,50.0,48.42857142857143,3,10
2023-10-19,3,B,37,0,0,51.0,38.0,48.285714285714285,3,10
2023-10-20,3,D,40,0,0,37.0,62.0,45.142857142857146,4,10
2023-10-20,2,C,39,0,0,40.0,43.0,44.57142857142857,4,10
2023-10-20,2,A,79,1,0,39.0,44.0,49.57142857142857,4,10
2023-10-20,3,A,36,0,0,79.0,49.0,47.714285714285715,4,10
2023-10-20,1,A,22,0,0,36.0,52.0,43.42857142857143,4,10
2023-10-20,3,C,32,0,0,22.0,51.0,40.714285714285715,4,10
2023-10-20,2,D,26,0,0,32.0,37.0,39.142857142857146,4,10
2023-10-20,1,D,31,0,0,26.0,40.0,37.857142857142854,4,10
2023-10-20,3,B,39,0,0,31.0,39.0,37.857142857142854,4,10
2023-10-20,1,C,71,1,0,39.0,79.0,36.714285714285715,4,10
2023-10-20,2,B,33,0,0,71.0,36.0,36.285714285714285,4,10
2023-10-20,1,B,46,0,0,33.0,22.0,39.714285714285715,4,10
2023-10-21,3,A,49,0,0,46.0,32.0,42.142857142857146,5,10
2023-10-21,3,B,52,0,0,49.0,26.0,45.857142857142854,5,10
2023-10-21,2,C,54,0,0,52.0,31.0,49.142857142857146,5,10
2023-10-21,3,C,52,0,0,54.0,39.0,51.0,5,10
2023-10-21,1,C,57,0,0,52.0,71.0,49.0,5,10
2023-10-21,1,B,77,0,0,57.0,33.0,55.285714285714285,5,10
2023-10-21,1,A,53,1,0,77.0,46.0,56.285714285714285,5,10
2023-10-21,2,A,70,0,0,53.0,49.0,59.285714285714285,5,10
2023-10-21,1,D,40,0,0,70.0,52.0,57.57142857142857,5,10
2023-10-21,2,D,36,0,0,40.0,54.0,55.0,5,10
2023-10-21,3,D,79,1,0,36.0,52.0,58.857142857142854,5,10
2023-10-21,2,B,39,0,0,79.0,57.0,56.285714285714285,5,10
2023-10-22,2,D,35,0,0,39.0,77.0,50.285714285714285,6,10
2023-10-22,3,C,53,0,0,35.0,53.0,50.285714285714285,6,10
2023-10-22,3,B,49,0,0,53.0,70.0,47.285714285714285,6,10
2023-10-22,2,A,68,0,0,49.0,40.0,51.285714285714285,6,10
2023-10-22,2,C,74,1,0,68.0,36.0,56.714285714285715,6,10
2023-10-22,1,A,39,0,0,74.0,79.0,51.0,6,10
2023-10-22,3,D,45,0,0,39.0,39.0,51.857142857142854,6,10
2023-10-22,3,A,70,1,0,45.0,35.0,56.857142857142854,6,10
2023-10-22,1,B,74,0,0,70.0,53.0,59.857142857142854,6,10
2023-10-22,1,C,89,1,0,74.0,49.0,65.57142857142857,6,10
2023-10-22,2,B,50,0,0,89.0,68.0,63.0,6,10
2023-10-22,1,D,34,0,0,50.0,74.0,57.285714285714285,6,10
2023-10-23,2,B,26,0,0,34.0,39.0,55.42857142857143,0,10
2023-10-23,1,A,22,0,0,26.0,45.0,52.142857142857146,0,10
2023-10-23,3,A,40,0,0,22.0,70.0,47.857142857142854,0,10
2023-10-23,3,B,40,0,0,40.0,74.0,43.0,0,10
2023-10-23,3,C,33,0,0,40.0,89.0,35.0,0,10
2023-10-23,2,D,40,1,0,33.0,50.0,33.57142857142857,0,10
2023-10-23,1,C,52,0,0,40.0,34.0,36.142857142857146,0,10
2023-10-23,1,D,38,0,0,52.0,26.0,37.857142857142854,0,10
2023-10-23,3,D,62,1,0,38.0,22.0,43.57142857142857,0,10
2023-10-23,1,B,58,0,0,62.0,40.0,46.142857142857146,0,10
2023-10-23,2,A,80,1,0,58.0,40.0,51.857142857142854,0,10
2023-10-23,2,C,39,0,0,80.0,33.0,52.714285714285715,0,10
2023-10-24,2,C,31,0,0,39.0,40.0,51.42857142857143,1,10
2023-10-24,2,B,36,0,0,31.0,52.0,49.142857142857146,1,10
2023-10-24,1,A,44,1,0,36.0,38.0,50.0,1,10
2023-10-24,3,D,36,0,0,44.0,62.0,46.285714285714285,1,10
2023-10-24,3,B,34,0,0,36.0,58.0,42.857142857142854,1,10
2023-10-24,2,A,47,0,0,34.0,80.0,38.142857142857146,1,10
2023-10-24,3,C,62,1,0,47.0,39.0,41.42857142857143,1,10
2023-10-24,3,A,32,0,0,62.0,31.0,41.57142857142857,1,10
2023-10-24,1,B,51,0,0,32.0,36.0,43.714285714285715,1,10
2023-10-24,1,C,52,0,0,51.0,44.0,44.857142857142854,1,10
2023-10-24,2,D,23,0,0,52.0,36.0,43.0,1,10
2023-10-24,1,D,24,0,0,23.0,34.0,41.57142857142857,1,10
2023-10-25,1,B,46,0,0,24.0,47.0,41.42857142857143,2,10
2023-10-25,3,B,40,0,0,46.0,62.0,38.285714285714285,2,10
2023-10-25,3,D,46,0,0,40.0,32.0,40.285714285714285,2,10
2023-10-25,3,A,35,0,0,46.0,51.0,38.0,2,10
2023-10-25,1,C,50,0,0,35.0,52.0,37.714285714285715,2,10
2023-10-25,3,C,42,0,0,50.0,23.0,40.42857142857143,2,10
2023-10-25,2,A,49,0,0,42.0,24.0,44.0,2,10
2023-10-25,1,A,33,1,0,49.0,46.0,42.142857142857146,2,10
2023-10-25,2,D,43,1,0,33.0,40.0,42.57142857142857,2,10
2023-10-25,2,B,55,1,0,43.0,46.0,43.857142857142854,2,10
2023-10-25,1,D,19,0,0,55.0,35.0,41.57142857142857,2,10
2023-10-25,2,C,62,1,0,19.0,50.0,43.285714285714285,2,10
2023-10-26,2,A,52,0,0,62.0,42.0,44.714285714285715,3,10
2023-10-26,1,A,34,0,0,52.0,49.0,42.57142857142857,3,10
2023-10-26,2,B,35,0,0,34.0,33.0,42.857142857142854,3,10
2023-10-26,2,D,46,1,0,35.0,43.0,43.285714285714285,3,10
2023-10-26,3,B,37,0,0,46.0,55.0,40.714285714285715,3,10
2023-10-26,3,A,22,0,0,37.0,19.0,41.142857142857146,3,10
2023-10-26,3,D,37,0,0,22.0,62.0,37.57142857142857,3,10
2023-10-26,1,C,46,0,0,37.0,52.0,36.714285714285715,3,10
2023-10-26,1,B,45,0,0,46.0,34.0,38.285714285714285,3,10
2023-10-26,1,D,17,0,0,45.0,35.0,35.714285714285715,3,10
2023-10-26,2,C,52,1,0,17.0,46.0,36.57142857142857,3,10
2023-10-26,3,C,46,0,0,52.0,37.0,37.857142857142854,3,10
2023-10-27,2,D,26,0,0,46.0,22.0,38.42857142857143,4,10
2023-10-27,1,C,51,0,0,26.0,37.0,40.42857142857143,4,10
2023-10-27,1,B,60,0,0,51.0,46.0,42.42857142857143,4,10
2023-10-27,2,B,39,0,0,60.0,45.0,41.57142857142857,4,10
2023-10-27,2,A,53,0,0,39.0,17.0,46.714285714285715,4,10
2023-10-27,1,D,39,1,0,53.0,52.0,44.857142857142854,4,10
2023-10-27,3,C,28,0,0,39.0,46.0,42.285714285714285,4,10
2023-10-27,2,C,59,1,0,28.0,26.0,47.0,4,10
2023-10-27,3,A,32,0,0,59.0,51.0,44.285714285714285,4,10
2023-10-27,3,D,31,0,0,32.0,60.0,40.142857142857146,4,10
2023-10-27,1,A,30,0,0,31.0,39.0,38.857142857142854,4,10
2023-10-27,3,B,44,0,0,30.0,53.0,37.57142857142857,4,10
2023-10-28,1,D,27,0,0,44.0,39.0,35.857142857142854,5,10
2023-10-28,2,B,45,0,0,27.0,28.0,38.285714285714285,5,10
2023-10-28,2,C,56,0,0,45.0,59.0,37.857142857142854,5,10
2023-10-28,3,D,58,0,0,56.0,32.0,41.57142857142857,5,10
2023-10-28,1,B,107,1,0,58.0,31.0,52.42857142857143,5,10
2023-10-28,3,C,44,0,0,107.0,30.0,54.42857142857143,5,10
2023-10-28,1,C,92,1,0,44.0,44.0,61.285714285714285,5,10
2023-10-28,3,A,41,0,0,92.0,27.0,63.285714285714285,5,10
2023-10-28,2,D,38,0,0,41.0,45.0,62.285714285714285,5,10
2023-10-28,2,A,77,0,0,38.0,56.0,65.28571428571429,5,10
2023-10-28,1,A,68,1,0,77.0,58.0,66.71428571428571,5,10
2023-10-28,3,B,50,0,0,68.0,107.0,58.57142857142857,5,10
2023-10-29,3,B,72,1,0,50.0,44.0,62.57142857142857,6,10
2023-10-29,1,D,32,0,0,72.0,92.0,54.0,6,10
2023-10-29,3,C,48,0,0,32.0,41.0,55.0,6,10
2023-10-29,2,B,49,0,0,48.0,38.0,56.57142857142857,6,10
2023-10-29,2,C,54,0,0,49.0,77.0,53.285714285714285,6,10
2023-10-29,1,A,58,1,0,54.0,68.0,51.857142857142854,6,10
2023-10-29,2,A,71,0,0,58.0,50.0,54.857142857142854,6,10
2023-10-29,3,A,49,0,0,71.0,72.0,51.57142857142857,6,10
2023-10-29,1,C,64,0,0,49.0,32.0,56.142857142857146,6,10
2023-10-29,1,B,73,0,0,64.0,48.0,59.714285714285715,6,10
2023-10-29,3,D,51,0,0,73.0,49.0,60.0,6,10
2023-10-29,2,D,36,0,0,51.0,54.0,57.42857142857143,6,10
2023-10-30,1,B,55,0,0,36.0,58.0,57.0,0,10
2023-10-30,1,C,47,0,0,55.0,71.0,53.57142857142857,0,10
2023-10-30,1,A,21,0,0,47.0,49.0,49.57142857142857,0,10
2023-10-30,2,C,35,0,0,21.0,64.0,45.42857142857143,0,10
2023-10-30,3,A,35,0,0,35.0,73.0,40.0,0,10
2023-10-30,2,A,47,0,0,35.0,51.0,39.42857142857143,0,10
2023-10-30,1,D,28,0,0,47.0,36.0,38.285714285714285,0,10
2023-10-30,3,B,41,0,0,28.0,55.0,36.285714285714285,0,10
2023-10-30,2,D,21,0,0,41.0,47.0,32.57142857142857,0,10
2023-10-30,2,B,43,0,0,21.0,21.0,35.714285714285715,0,10
2023-10-30,3,C,46,0,0,43.0,35.0,37.285714285714285,0,10
2023-10-30,3,D,43,0,0,46.0,35.0,38.42857142857143,0,10
2023-10-31,1,B,76,1,0,43.0,47.0,42.57142857142857,1,10
2023-10-31,2,C,46,0,0,76.0,28.0,45.142857142857146,1,10
2023-10-31,2,A,52,0,0,46.0,41.0,46.714285714285715,1,10
2023-10-31,3,B,45,0,0,52.0,21.0,50.142857142857146,1,10
2023-10-31,3,C,44,0,0,45.0,43.0,50.285714285714285,1,10
2023-10-31,2,B,58,1,0,44.0,46.0,52.0,1,10
2023-10-31,3,D,39,0,0,58.0,43.0,51.42857142857143,1,10
2023-10-31,1,D,43,1,0,39.0,76.0,46.714285714285715,1,10
2023-10-31,1,C,53,0,0,43.0,46.0,47.714285714285715,1,10
2023-10-31,3,A,36,0,0,53.0,52.0,45.42857142857143,1,10
2023-10-31,1,A,58,1,0,36.0,45.0,47.285714285714285,1,10
2023-10-31,2,D,30,0,0,58.0,44.0,45.285714285714285,1,10
2023-11-01,2,D,26,0,0,30.0,58.0,40.714285714285715,2,11
2023-11-01,1,C,57,0,0,26.0,39.0,43.285714285714285,2,11
2023-11-01,3,C,43,0,0,57.0,43.0,43.285714285714285,2,11
2023-11-01,2,C,40,0,0,43.0,53.0,41.42857142857143,2,11
2023-11-01,3,B,55,1,0,40.0,36.0,44.142857142857146,2,11
2023-11-01,2,B,35,0,0,55.0,58.0,40.857142857142854,2,11
2023-11-01,1,B,52,0,0,35.0,30.0,44.0,2,11
2023-11-01,1,D,26,0,0,52.0,26.0,44.0,2,11
2023-11-01,1,A,33,0,0,26.0,57.0,40.57142857142857,2,11
2023-11-01,3,A,33,0,0,33.0,43.0,39.142857142857146,2,11
2023-11-01,3,D,32,0,0,33.0,40.0,38.0,2,11
2023-11-01,2,A,51,0,0,32.0,55.0,37.42857142857143,2,11
2023-11-02,3,B,35,0,0,51.0,35.0,37.42857142857143,3,11
2023-11-02,2,A,52,0,0,35.0,52.0,37.42857142857143,3,11
2023-11-02,1,B,48,0,0,52.0,26.0,40.57142857142857,3,11
2023-11-02,1,A,26,0,0,48.0,33.0,39.57142857142857,3,11
2023-11-02,1,C,43,0,0,26.0,33.0,41.0,3,11
2023-11-02,3,D,37,0,0,43.0,32.0,41.714285714285715,3,11
2023-11-02,3,C,43,0,0,37.0,51.0,40.57142857142857,3,11
2023-11-02,1,D,24,0,0,43.0,35.0,39.0,3,11
2023-11-02,2,C,36,0,0,24.0,52.0,36.714285714285715,3,11
2023-11-02,2,B,56,1,0,36.0,48.0,37.857142857142854,3,11
2023-11-02,3,A,37,0,0,56.0,26.0,39.42857142857143,3,11
2023-11-02,2,D,30,0,0,37.0,43.0,37.57142857142857,3,11
2023-11-03,1,C,73,1,0,30.0,37.0,42.714285714285715,4,11
2023-11-03,2,A,54,0,0,73.0,43.0,44.285714285714285,4,11
2023-11-03,1,A,29,0,0,54.0,24.0,45.0,4,11
2023-11-03,2,C,32,0,0,29.0,36.0,44.42857142857143,4,11
2023-11-03,3,B,25,0,0,32.0,56.0,40.0,4,11
2023-11-03,3,D,39,0,0,25.0,37.0,40.285714285714285,4,11
2023-11-03,2,B,35,0,0,39.0,30.0,41.0,4,11
2023-11-03,1,B,75,1,0,35.0,73.0,41.285714285714285,4,11
2023-11-03,1,D,25,0,0,75.0,54.0,37.142857142857146,4,11
2023-11-03,3,C,47,0,0,25.0,29.0,39.714285714285715,4,11
2023-11-03,2,D,34,0,0,47.0,32.0,40.0,4,11
2023-11-03,3,A,37,0,0,34.0,25.0,41.714285714285715,4,11
2023-11-04,2,A,67,0,0,37.0,39.0,45.714285714285715,5,11
2023-11-04,3,C,72,1,0,67.0,35.0,51.0,5,11
2023-11-04,3,D,55,0,0,72.0,75.0,48.142857142857146,5,11
2023-11-04,3,B,50,0,0,55.0,25.0,51.714285714285715,5,11
2023-11-04,1,B,74,0,0,50.0,47.0,55.57142857142857,5,11
2023-11-04,1,A,40,0,0,74.0,34.0,56.42857142857143,5,11
2023-11-04,3,A,42,0,0,40.0,37.0,57.142857142857146,5,11
2023-11-04,2,B,72,1,0,42.0,67.0,57.857142857142854,5,11
2023-11-04,2,D,33,0,0,72.0,72.0,52.285714285714285,5,11
2023-11-04,1,C,76,0,0,33.0,55.0,55.285714285714285,5,11
2023-11-04,2,C,57,0,0,76.0,50.0,56.285714285714285,5,11
2023-11-04,1,D,39,0,0,57.0,74.0,51.285714285714285,5,11
2023-11-05,3,D,52,0,0,39.0,40.0,53.0,6,11
2023-11-05,2,C,58,0,0,52.0,42.0,55.285714285714285,6,11
2023-11-05,3,B,48,0,0,58.0,72.0,51.857142857142854,6,11
2023-11-05,3,A,43,0,0,48.0,33.0,53.285714285714285,6,11
2023-11-05,1,D,49,1,0,43.0,76.0,49.42857142857143,6,11
2023-11-05,1,A,63,1,0,49.0,57.0,50.285714285714285,6,11
2023-11-05,3,C,36,0,0,63.0,39.0,49.857142857142854,6,11
2023-11-05,2,A,75,0,0,36.0,52.0,53.142857142857146,6,11
2023-11-05,2,D,30,0,0,75.0,58.0,49.142857142857146,6,11
2023-11-05,2,B,49,0,0,30.0,48.0,49.285714285714285,6,11
2023-11-05,1,C,62,0,0,49.0,43.0,52.0,6,11
2023-11-05,1,B,62,0,0,62.0,49.0,53.857142857142854,6,11
2023-11-06,3,A,34,0,0,62.0,63.0,49.714285714285715,0,11
2023-11-06,1,A,21,0,0,34.0,36.0,47.57142857142857,0,11
2023-11-06,2,B,30,0,0,21.0,75.0,41.142857142857146,0,11
2023-11-06,1,B,48,0,0,30.0,30.0,43.714285714285715,0,11
2023-11-06,1,C,47,0,0,48.0,49.0,43.42857142857143,0,11
2023-11-06,2,C,43,0,0,47.0,62.0,40.714285714285715,0,11
2023-11-06,1,D,38,1,0,43.0,62.0,37.285714285714285,0,11
2023-11-06,3,B,41,0,0,38.0,34.0,38.285714285714285,0,11
2023-11-06,2,D,23,0,0,41.0,21.0,38.57142857142857,0,11
2023-11-06,2,A,74,1,0,23.0,30.0,44.857142857142854,0,11
2023-11-06,3,C,44,0,0,74.0,48.0,44.285714285714285,0,11
2023-11-06,3,D,38,0,0,44.0,47.0,43.0,0,11
2023-11-07,2,B,29,0,0,38.0,43.0,41.0,1,11
2023-11-07,2,C,40,0,0,29.0,38.0,41.285714285714285,1,11
2023-11-07,3,A,35,0,0,40.0,41.0,40.42857142857143,1,11
2023-11-07,1,A,40,0,0,35.0,23.0,42.857142857142854,1,11
2023-11-07,2,D,29,0,0,40.0,74.0,36.42857142857143,1,11
2023-11-07,1,D,29,0,0,29.0,44.0,34.285714285714285,1,11
2023-11-07,3,C,50,0,0,29.0,38.0,36.0,1,11
2023-11-07,1,B,52,0,0,50.0,29.0,39.285714285714285,1,11
2023-11-07,3,B,41,0,0,52.0,40.0,39.42857142857143,1,11
2023-11-07,2,A,53,0,0,41.0,35.0,42.0,1,11
2023-11-07,3,D,38,0,0,53.0,40.0,41.714285714285715,1,11
2023-11-07,1,C,55,0,0,38.0,29.0,45.42857142857143,1,11
2023-11-08,1,A,40,0,0,55.0,29.0,47.0,2,11
2023-11-08,2,B,33,0,0,40.0,50.0,44.57142857142857,2,11
2023-11-08,3,C,44,0,0,33.0,52.0,43.42857142857143,2,11
2023-11-08,1,B,54,0,0,44.0,41.0,45.285714285714285,2,11
2023-11-08,2,D,29,0,0,54.0,53.0,41.857142857142854,2,11
2023-11-08,2,A,62,0,0,29.0,38.0,45.285714285714285,2,11
2023-11-08,2,C,42,0,0,62.0,55.0,43.42857142857143,2,11
2023-11-08,1,C,74,1,0,42.0,40.0,48.285714285714285,2,11
2023-11-08,1,D,28,0,0,74.0,33.0,47.57142857142857,2,11
2023-11-08,3,A,46,1,0,28.0,44.0,47.857142857142854,2,11
2023-11-08,3,D,43,0,0,46.0,54.0,46.285714285714285,2,11
2023-11-08,3,B,31,0,0,43.0,29.0,46.57142857142857,2,11
2023-11-09,3,A,29,0,0,31.0,62.0,41.857142857142854,3,11
2023-11-09,2,C,44,0,0,29.0,42.0,42.142857142857146,3,11
2023-11-09,3,D,43,0,0,44.0,74.0,37.714285714285715,3,11
2023-11-09,1,A,42,0,0,43.0,28.0,39.714285714285715,3,11
2023-11-09,2,B,40,0,0,42.0,46.0,38.857142857142854,3,11
2023-11-09,1,C,75,1,0,40.0,43.0,43.42857142857143,3,11
2023-11-09,1,D,19,0,0,75.0,31.0,41.714285714285715,3,11
2023-11-09,3,C,57,1,0,19.0,29.0,45.714285714285715,3,11
2023-11-09,3,B,43,0,0,57.0,44.0,45.57142857142857,3,11
2023-11-09,2,D,43,1,0,43.0,43.0,45.57142857142857,3,11
2023-11-09,1,B,47,0,0,43.0,42.0,46.285714285714285,3,11
2023-11-09,2,A,50,0,0,47.0,40.0,47.714285714285715,3,11
2023-11-10,3,B,34,0,0,50.0,75.0,41.857142857142854,4,11
2023-11-10,3,D,54,1,0,34.0,19.0,46.857142857142854,4,11
2023-11-10,2,A,50,0,0,54.0,57.0,45.857142857142854,4,11
2023-11-10,2,B,40,0,0,50.0,43.0,45.42857142857143,4,11
2023-11-10,1,B,45,0,0,40.0,43.0,45.714285714285715,4,11
2023-11-10,2,D,38,1,0,45.0,47.0,44.42857142857143,4,11
2023-11-10,1,C,58,0,0,38.0,50.0,45.57142857142857,4,11
2023-11-10,3,A,34,0,0,58.0,34.0,45.57142857142857,4,11
2023-11-10,1,A,27,0,0,34.0,54.0,41.714285714285715,4,11
2023-11-10,2,C,37,0,0,27.0,50.0,39.857142857142854,4,11
2023-11-10,3,C,46,0,0,37.0,40.0,40.714285714285715,4,11
2023-11-10,1,D,33,0,0,46.0,45.0,39.0,4,11
2023-11-11,3,C,55,0,0,33.0,38.0,41.42857142857143,5,11
2023-11-11,3,D,78,1,0,55.0,58.0,44.285714285714285,5,11
2023-11-11,2,C,50,0,0,78.0,34.0,46.57142857142857,5,11
2023-11-11,2,A,113,1,0,50.0,27.0,58.857142857142854,5,11
2023-11-11,1,A,41,0,0,113.0,37.0,59.42857142857143,5,11
2023-11-11,3,B,47,0,0,41.0,46.0,59.57142857142857,5,11
2023-11-11,2,B,52,0,0,47.0,33.0,62.285714285714285,5,11
2023-11-11,1,D,34,0,0,52.0,55.0,59.285714285714285,5,11
2023-11-11,3,A,51,0,0,34.0,78.0,55.42857142857143,5,11
2023-11-11,1,C,68,0,0,51.0,50.0,58.0,5,11
2023-11-11,2,D,35,0,0,68.0,113.0,46.857142857142854,5,11
2023-11-11,1,B,107,1,0,35.0,41.0,56.285714285714285,5,11
2023-11-12,3,C,54,0,0,107.0,47.0,57.285714285714285,6,11
2023-11-12,2,B,44,0,0,54.0,52.0,56.142857142857146,6,11
2023-11-12,1,A,42,0,0,44.0,34.0,57.285714285714285,6,11
2023-11-12,1,B,71,0,0,42.0,51.0,60.142857142857146,6,11
2023-11-12,1,D,30,0,0,71.0,68.0,54.714285714285715,6,11
2023-11-12,3,B,64,1,0,30.0,35.0,58.857142857142854,6,11
2023-11-12,2,A,71,0,0,64.0,107.0,53.714285714285715,6,11
2023-11-12,2,D,52,1,0,71.0,54.0,53.42857142857143,6,11
2023-11-12,3,A,49,0,0,52.0,44.0,54.142857142857146,6,11
2023-11-12,2,C,54,0,0,49.0,42.0,55.857142857142854,6,11
2023-11-12,3,D,55,0,0,54.0,71.0,53.57142857142857,6,11
2023-11-12,1,C,95,1,0,55.0,30.0,62.857142857142854,6,11
2023-11-13,2,B,38,0,0,95.0,64.0,59.142857142857146,0,11
2023-11-13,3,A,30,0,0,38.0,71.0,53.285714285714285,0,11
2023-11-13,2,D,34,0,0,30.0,52.0,50.714285714285715,0,11
2023-11-13,1,A,49,1,0,34.0,49.0,50.714285714285715,0,11
2023-11-13,1,C,55,0,0,49.0,54.0,50.857142857142854,0,11
2023-11-13,3,C,34,0,0,55.0,55.0,47.857142857142854,0,11
2023-11-13,1,B,60,0,0,34.0,95.0,42.857142857142854,0,11
2023-11-13,2,A,53,0,0,60.0,38.0,45.0,0,11
2023-11-13,2,C,37,0,0,53.0,30.0,46.0,0,11
2023-11-13,1,D,21,0,0,37.0,34.0,44.142857142857146,0,11
2023-11-13,3,D,48,0,0,21.0,49.0,44.0,0,11
2023-11-13,3,B,59,1,0,48.0,55.0,44.57142857142857,0,11
2023-11-14,1,D,47,1,0,59.0,34.0,46.42857142857143,1,11
2023-11-14,2,B,35,0,0,47.0,60.0,42.857142857142854,1,11
2023-11-14,1,B,54,0,0,35.0,53.0,43.0,1,11
2023-11-14,3,D,46,0,0,54.0,37.0,44.285714285714285,1,11
2023-11-14,1,C,48,0,0,46.0,21.0,48.142857142857146,1,11
2023-11-14,2,D,38,1,0,48.0,48.0,46.714285714285715,1,11
2023-11-14,3,B,33,0,0,38.0,59.0,43.0,1,11
2023-11-14,2,A,80,1,0,33.0,47.0,47.714285714285715,1,11
2023-11-14,1,A,29,0,0,80.0,35.0,46.857142857142854,1,11
2023-11-14,3,A,37,0,0,29.0,54.0,44.42857142857143,1,11
2023-11-14,2,C,37,0,0,37.0,46.0,43.142857142857146,1,11
2023-11-14,3,C,38,0,0,37.0,48.0,41.714285714285715,1,11
2023-11-15,1,D,17,0,0,38.0,38.0,38.714285714285715,2,11
2023-11-15,2,A,59,0,0,17.0,33.0,42.42857142857143,2,11
2023-11-15,1,C,47,0,0,59.0,80.0,37.714285714285715,2,11
2023-11-15,1,A,33,0,0,47.0,29.0,38.285714285714285,2,11
2023-11-15,2,C,41,0,0,33.0,37.0,38.857142857142854,2,11
2023-11-15,2,D,24,0,0,41.0,37.0,37.0,2,11
2023-11-15,1,B,83,1,0,24.0,38.0,43.42857142857143,2,11
2023-11-15,2,B,36,0,0,83.0,17.0,46.142857142857146,2,11
2023-11-15,3,B,35,0,0,36.0,59.0,42.714285714285715,2,11
2023-11-15,3,A,31,0,0,35.0,47.0,40.42857142857143,2,11
2023-11-15,3,C,39,0,0,31.0,33.0,41.285714285714285,2,11
2023-11-15,3,D,32,0,0,39.0,41.0,40.0,2,11
2023-11-16,1,A,33,0,0,32.0,24.0,41.285714285714285,3,11
2023-11-16,2,A,51,0,0,33.0,83.0,36.714285714285715,3,11
2023-11-16,3,B,32,0,0,51.0,36.0,36.142857142857146,3,11
2023-11-16,1,D,30,0,0,32.0,35.0,35.42857142857143,3,11
2023-11-16,3,C,43,0,0,30.0,31.0,37.142857142857146,3,11
2023-11-16,3,D,39,0,0,43.0,39.0,37.142857142857146,3,11
2023-11-16,1,C,54,0,0,39.0,32.0,40.285714285714285,3,11
2023-11-16,1,B,77,1,0,54.0,33.0,46.57142857142857,3,11
2023-11-16,2,C,45,0,0,77.0,51.0,45.714285714285715,3,11
2023-11-16,2,B,35,0,0,45.0,32.0,46.142857142857146,3,11
2023-11-16,3,A,30,0,0,35.0,30.0,46.142857142857146,3,11
2023-11-16,2,D,24,0,0,30.0,43.0,43.42857142857143,3,11
2023-11-17,2,B,57,1,0,24.0,39.0,46.0,4,11
2023-11-17,2,D,45,1,0,57.0,54.0,44.714285714285715,4,11
2023-11-17,1,D,46,1,0,45.0,77.0,40.285714285714285,4,11
2023-11-17,1,B,50,0,0,46.0,45.0,41.0,4,11
2023-11-17,2,A,74,1,0,50.0,35.0,46.57142857142857,4,11
2023-11-17,2,C,66,1,0,74.0,30.0,51.714285714285715,4,11
2023-11-17,3,A,38,0,0,66.0,24.0,53.714285714285715,4,11
2023-11-17,3,D,32,0,0,38.0,57.0,50.142857142857146,4,11
2023-11-17,1,C,50,0,0,32.0,45.0,50.857142857142854,4,11
2023-11-17,3,C,60,1,0,50.0,46.0,52.857142857142854,4,11
2023-11-17,1,A,28,0,0,60.0,50.0,49.714285714285715,4,11
2023-11-17,3,B,43,0,0,28.0,74.0,45.285714285714285,4,11
2023-11-18,1,A,42,0,0,43.0,66.0,41.857142857142854,5,11
2023-11-18,2,B,45,0,0,42.0,38.0,42.857142857142854,5,11
2023-11-18,3,B,48,0,0,45.0,32.0,45.142857142857146,5,11
2023-11-18,2,D,39,0,0,48.0,50.0,43.57142857142857,5,11
2023-11-18,2,A,64,0,0,39.0,60.0,44.142857142857146,5,11
2023-11-18,3,D,59,0,0,64.0,28.0,48.57142857142857,5,11
2023-11-18,3,C,50,0,0,59.0,43.0,49.57142857142857,5,11
2023-11-18,1,B,64,0,0,50.0,42.0,52.714285714285715,5,11
2023-11-18,2,C,80,1,0,64.0,45.0,57.714285714285715,5,11
2023-11-18,1,D,53,1,0,80.0,48.0,58.42857142857143,5,11
2023-11-18,3,A,41,0,0,53.0,39.0,58.714285714285715,5,11
2023-11-18,1,C,69,0,0,41.0,64.0,59.42857142857143,5,11
2023-11-19,3,C,57,0,0,69.0,59.0,59.142857142857146,6,11
2023-11-19,1,B,66,0,0,57.0,50.0,61.42857142857143,6,11
2023-11-19,1,C,75,0,0,66.0,64.0,63.0,6,11
2023-11-19,3,D,53,0,0,75.0,80.0,59.142857142857146,6,11
2023-11-19,3,A,63,1,0,53.0,53.0,60.57142857142857,6,11
2023-11-19,1,D,44,0,0,63.0,41.0,61.0,6,11
2023-11-19,2,B,54,0,0,44.0,69.0,58.857142857142854,6,11
2023-11-19,2,C,52,0,0,54.0,57.0,58.142857142857146,6,11
2023-11-19,3,B,69,1,0,52.0,66.0,58.57142857142857,6,11
2023-11-19,1,A,38,0,0,69.0,75.0,53.285714285714285,6,11
2023-11-19,2,D,46,1,0,38.0,53.0,52.285714285714285,6,11
2023-11-19,2,A,71,0,0,46.0,63.0,53.42857142857143,6,11
2023-11-20,1,B,52,0,0,71.0,44.0,54.57142857142857,0,11
2023-11-20,3,C,34,0,0,52.0,54.0,51.714285714285715,0,11
2023-11-20,2,A,77,1,0,34.0,52.0,55.285714285714285,0,11
2023-11-20,3,D,44,0,0,77.0,69.0,51.714285714285715,0,11
2023-11-20,3,B,32,0,0,44.0,38.0,50.857142857142854,0,11
2023-11-20,3,A,35,0,0,32.0,46.0,49.285714285714285,0,11
2023-11-20,1,A,33,0,0,35.0,71.0,43.857142857142854,0,11
2023-11-20,2,C,47,0,0,33.0,52.0,43.142857142857146,0,11
2023-11-20,2,B,43,0,0,47.0,34.0,44.42857142857143,0,11
2023-11-20,2,D,20,0,0,43.0,77.0,36.285714285714285,0,11
2023-11-20,1,C,42,0,0,20.0,44.0,36.0,0,11
2023-11-20,1,D,23,0,0,42.0,32.0,34.714285714285715,0,11
2023-11-21,2,A,54,0,0,23.0,35.0,37.42857142857143,1,11
2023-11-21,2,C,64,1,0,54.0,33.0,41.857142857142854,1,11
2023-11-21,3,C,35,0,0,64.0,47.0,40.142857142857146,1,11
2023-11-21,2,D,42,1,0,35.0,43.0,40.0,1,11
2023-11-21,3,B,42,0,0,42.0,20.0,43.142857142857146,1,11
2023-11-21,1,B,60,0,0,42.0,42.0,45.714285714285715,1,11
2023-11-21,3,A,32,0,0,60.0,23.0,47.0,1,11
2023-11-21,1,C,48,0,0,32.0,54.0,46.142857142857146,1,11
2023-11-21,1,A,39,0,0,48.0,64.0,42.57142857142857,1,11
2023-11-21,2,B,40,0,0,39.0,35.0,43.285714285714285,1,11
2023-11-21,3,D,55,1,0,40.0,42.0,45.142857142857146,1,11
2023-11-21,1,D,30,0,0,55.0,42.0,43.42857142857143,1,11
2023-11-22,1,B,50,0,0,30.0,60.0,42.0,2,11
2023-11-22,2,B,42,0,0,50.0,32.0,43.42857142857143,2,11
2023-11-22,2,D,40,1,0,42.0,48.0,42.285714285714285,2,11
2023-11-22,2,A,48,0,0,40.0,39.0,43.57142857142857,2,11
2023-11-22,1,C,49,0,0,48.0,40.0,44.857142857142854,2,11
2023-11-22,3,C,60,1,0,49.0,55.0,45.57142857142857,2,11
2023-11-22,2,C,34,0,0,60.0,30.0,46.142857142857146,2,11
2023-11-22,3,A,26,0,0,34.0,50.0,42.714285714285715,2,11
2023-11-22,1,A,43,1,0,26.0,42.0,42.857142857142854,2,11
2023-11-22,3,B,34,0,0,43.0,40.0,42.0,2,11
2023-11-22,3,D,56,1,0,34.0,48.0,43.142857142857146,2,11
2023-11-22,1,D,28,0,0,56.0,49.0,40.142857142857146,2,11
2023-11-23,3,D,41,0,0,28.0,60.0,37.42857142857143,3,11
2023-11-23,3,B,36,0,0,41.0,34.0,37.714285714285715,3,11
2023-11-23,3,C,37,0,0,36.0,26.0,39.285714285714285,3,11
2023-11-23,2,B,30,0,0,37.0,43.0,37.42857142857143,3,11
2023-11-23,2,C,36,0,0,30.0,34.0,37.714285714285715,3,11
2023-11-23,1,D,37,0,0,36.0,56.0,35.0,3,11
2023-11-23,1,B,64,0,0,37.0,28.0,40.142857142857146,3,11
2023-11-23,1,A,19,0,0,64.0,41.0,37.0,3,11
2023-11-23,2,A,56,0,0,19.0,36.0,39.857142857142854,3,11
2023-11-23,1,C,43,0,0,56.0,37.0,40.714285714285715,3,11
2023-11-23,2,D,18,0,0,43.0,30.0,39.0,3,11
2023-11-23,3,A,33,0,0,18.0,36.0,38.57142857142857,3,11
2023-11-24,2,D,21,0,0,33.0,37.0,36.285714285714285,4,11
2023-11-24,2,C,44,0,0,21.0,64.0,33.42857142857143,4,11
2023-11-24,1,B,57,0,0,44.0,19.0,38.857142857142854,4,11
2023-11-24,3,B,39,0,0,57.0,56.0,36.42857142857143,4,11
2023-11-24,3,D,66,1,0,39.0,43.0,39.714285714285715,4,11
2023-11-24,1,C,49,0,0,66.0,18.0,44.142857142857146,4,11
2023-11-24,3,C,45,0,0,49.0,33.0,45.857142857142854,4,11
2023-11-24,2,A,64,0,0,45.0,21.0,52.0,4,11
2023-11-24,1,A,38,0,0,64.0,44.0,51.142857142857146,4,11
2023-11-24,1,D,26,0,0,38.0,57.0,46.714285714285715,4,11
2023-11-24,2,B,43,0,0,26.0,39.0,47.285714285714285,4,11
2023-11-24,3,A,30,0,0,43.0,66.0,42.142857142857146,4,11
2023-11-25,3,C,47,0,0,30.0,49.0,41.857142857142854,5,11
2023-11-25,1,D,38,0,0,47.0,45.0,40.857142857142854,5,11
2023-11-25,3,D,43,0,0,38.0,64.0,37.857142857142854,5,11
2023-11-25,1,A,43,0,0,43.0,38.0,38.57142857142857,5,11
2023-11-25,2,C,57,0,0,43.0,26.0,43.0,5,11
2023-11-25,2,D,35,0,0,57.0,43.0,41.857142857142854,5,11
2023-11-25,2,B,50,0,0,35.0,30.0,44.714285714285715,5,11
2023-11-25,1,B,72,0,0,50.0,47.0,48.285714285714285,5,11
2023-11-25,3,A,46,0,0,72.0,38.0,49.42857142857143,5,11
2023-11-25,1,C,65,0,0,46.0,43.0,52.57142857142857,5,11
2023-11-25,3,B,49,0,0,65.0,43.0,53.42857142857143,5,11
2023-11-25,2,A,71,0,0,49.0,57.0,55.42857142857143,5,11
2023-11-26,3,B,41,0,0,71.0,35.0,56.285714285714285,6,11
2023-11-26,2,C,44,0,0,41.0,50.0,55.42857142857143,6,11
2023-11-26,1,B,70,0,0,44.0,72.0,55.142857142857146,6,11
2023-11-26,3,A,56,0,0,70.0,46.0,56.57142857142857,6,11
2023-11-26,1,C,53,0,0,56.0,65.0,54.857142857142854,6,11
2023-11-26,3,C,48,0,0,53.0,49.0,54.714285714285715,6,11
2023-11-26,2,A,55,0,0,48.0,71.0,52.42857142857143,6,11
2023-11-26,3,D,57,0,0,55.0,41.0,54.714285714285715,6,11
2023-11-26,1,D,37,0,0,57.0,44.0,53.714285714285715,6,11
2023-11-26,1,A,28,0,0,37.0,70.0,47.714285714285715,6,11
2023-11-26,2,D,48,0,0,28.0,56.0,46.57142857142857,6,11
2023-11-26,2,B,46,0,0,48.0,53.0,45.57142857142857,6,11
2023-11-27,1,D,20,0,0,46.0,48.0,41.57142857142857,0,11
2023-11-27,3,D,41,0,0,20.0,55.0,39.57142857142857,0,11
2023-11-27,3,B,42,0,0,41.0,57.0,37.42857142857143,0,11
2023-11-27,2,C,40,0,0,42.0,37.0,37.857142857142854,0,11
2023-11-27,1,B,53,0,0,40.0,28.0,41.42857142857143,0,11
2023-11-27,2,D,30,0,0,53.0,48.0,38.857142857142854,0,11
2023-11-27,2,B,34,0,0,30.0,46.0,37.142857142857146,0,11
2023-11-27,3,A,62,1,0,34.0,20.0,43.142857142857146,0,11
2023-11-27,1,C,55,0,0,62.0,41.0,45.142857142857146,0,11
2023-11-27,1,A,19,0,0,55.0,42.0,41.857142857142854,0,11
2023-11-27,2,A,60,0,0,19.0,40.0,44.714285714285715,0,11
2023-11-27,3,C,28,0,0,60.0,53.0,41.142857142857146,0,11
2023-11-28,2,B,45,0,0,28.0,30.0,43.285714285714285,1,11
2023-11-28,1,C,47,0,0,45.0,34.0,45.142857142857146,1,11
2023-11-28,2,C,36,0,0,47.0,62.0,41.42857142857143,1,11
2023-11-28,1,A,37,0,0,36.0,55.0,38.857142857142854,1,11
2023-11-28,1,D,27,0,0,37.0,19.0,40.0,1,11
2023-11-28,3,C,42,0,0,27.0,60.0,37.42857142857143,1,11
2023-11-28,3,B,37,0,0,42.0,28.0,38.714285714285715,1,11
2023-11-28,2,D,22,0,0,37.0,45.0,35.42857142857143,1,11
2023-11-28,3,A,41,0,0,22.0,47.0,34.57142857142857,1,11
2023-11-28,1,B,51,0,0,41.0,36.0,36.714285714285715,1,11
2023-11-28,2,A,50,0,0,51.0,37.0,38.57142857142857,1,11
2023-11-28,3,D,30,0,0,50.0,27.0,39.0,1,11
2023-11-29,1,B,47,0,0,30.0,42.0,39.714285714285715,2,11
2023-11-29,2,A,45,0,0,47.0,37.0,40.857142857142854,2,11
2023-11-29,3,D,43,0,0,45.0,22.0,43.857142857142854,2,11
2023-11-29,3,A,53,1,0,43.0,41.0,45.57142857142857,2,11
2023-11-29,3,B,40,0,0,53.0,51.0,44.0,2,11
2023-11-29,2,C,42,0,0,40.0,50.0,42.857142857142854,2,11
2023-11-29,1,A,26,0,0,42.0,30.0,42.285714285714285,2,11
2023-11-29,1,D,25,0,0,26.0,47.0,39.142857142857146,2,11
2023-11-29,1,C,50,0,0,25.0,45.0,39.857142857142854,2,11
2023-11-29,2,D,34,0,0,50.0,43.0,38.57142857142857,2,11
2023-11-29,3,C,39,0,0,34.0,53.0,36.57142857142857,2,11
2023-11-29,2,B,41,0,0,39.0,40.0,36.714285714285715,2,11
2023-11-30,2,C,47,0,0,41.0,42.0,37.42857142857143,3,11
2023-11-30,2,D,22,0,0,47.0,26.0,36.857142857142854,3,11
2023-11-30,1,A,48,1,0,22.0,25.0,40.142857142857146,3,11
2023-11-30,3,A,35,0,0,48.0,50.0,38.0,3,11
2023-11-30,1,B,50,0,0,35.0,34.0,40.285714285714285,3,11
2023-11-30,3,B,62,1,0,50.0,39.0,43.57142857142857,3,11
2023-11-30,1,D,28,0,0,62.0,41.0,41.714285714285715,3,11
2023-11-30,2,B,56,1,0,28.0,47.0,43.0,3,11
2023-11-30,3,D,64,1,0,56.0,22.0,49.0,3,11
2023-11-30,1,C,80,1,0,64.0,48.0,53.57142857142857,3,11
2023-11-30,3,C,34,0,0,80.0,35.0,53.42857142857143,3,11
2023-11-30,2,A,44,0,0,34.0,50.0,52.57142857142857,3,11
2023-12-01,3,C,39,0,0,44.0,62.0,49.285714285714285,4,12
2023-12-01,1,A,33,0,0,39.0,28.0,50.0,4,12
2023-12-01,2,D,24,0,0,33.0,56.0,45.42857142857143,4,12
2023-12-01,1,C,45,0,0,24.0,64.0,42.714285714285715,4,12
2023-12-01,3,B,28,0,0,45.0,80.0,35.285714285714285,4,12
2023-12-01,2,B,49,1,0,28.0,34.0,37.42857142857143,4,12
2023-12-01,2,C,35,0,0,49.0,44.0,36.142857142857146,4,12
2023-12-01,3,D,60,1,0,35.0,39.0,39.142857142857146,4,12
2023-12-01,1,D,30,0,0,60.0,33.0,38.714285714285715,4,12
2023-12-01,1,B,62,0,0,30.0,24.0,44.142857142857146,4,12
2023-12-01,2,A,65,0,0,62.0,45.0,47.0,4,12
2023-12-01,3,A,37,0,0,65.0,28.0,48.285714285714285,4,12
2023-12-02,2,B,55,0,0,37.0,49.0,49.142857142857146,5,12
2023-12-02,2,D,42,0,0,55.0,35.0,50.142857142857146,5,12
2023-12-02,1,B,73,0,0,42.0,60.0,52.0,5,12
2023-12-02,1,A,67,1,0,73.0,30.0,57.285714285714285,5,12
2023-12-02,1,D,43,0,0,67.0,62.0,54.57142857142857,5,12
2023-12-02,3,C,62,0,0,43.0,65.0,54.142857142857146,5,12
2023-12-02,3,B,54,0,0,62.0,37.0,56.57142857142857,5,12
2023-12-02,3,D,49,0,0,54.0,55.0,55.714285714285715,5,12
2023-12-02,3,A,39,0,0,49.0,42.0,55.285714285714285,5,12
2023-12-02,2,A,70,0,0,39.0,73.0,54.857142857142854,5,12
2023-12-02,2,C,50,0,0,70.0,67.0,52.42857142857143,5,12
2023-12-02,1,C,65,0,0,50.0,43.0,55.57142857142857,5,12
2023-12-03,1,A,44,0,0,65.0,62.0,53.0,6,12
2023-12-03,2,A,67,0,0,44.0,54.0,54.857142857142854,6,12
2023-12-03,3,B,63,0,0,67.0,49.0,56.857142857142854,6,12
2023-12-03,2,D,30,0,0,63.0,39.0,55.57142857142857,6,12
2023-12-03,3,A,44,0,0,30.0,70.0,51.857142857142854,6,12
2023-12-03,3,D,48,0,0,44.0,50.0,51.57142857142857,6,12
2023-12-03,2,C,52,0,0,48.0,65.0,49.714285714285715,6,12
2023-12-03,1,C,91,1,0,52.0,44.0,56.42857142857143,6,12
2023-12-03,1,B,78,0,0,91.0,67.0,58.0,6,12
2023-12-03,1,D,25,0,0,78.0,63.0,52.57142857142857,6,12
2023-12-03,2,B,43,0,0,25.0,30.0,54.42857142857143,6,12
2023-12-03,3,C,48,0,0,43.0,44.0,55.0,6,12
2023-12-04,2,B,36,0,0,48.0,48.0,53.285714285714285,0,12
2023-12-04,3,B,41,0,0,36.0,52.0,51.714285714285715,0,12
2023-12-04,1,B,51,0,0,41.0,91.0,46.0,0,12
2023-12-04,1,A,34,0,0,51.0,78.0,39.714285714285715,0,12
2023-12-04,2,C,35,0,0,34.0,25.0,41.142857142857146,0,12
2023-12-04,3,A,36,0,0,35.0,43.0,40.142857142857146,0,12
2023-12-04,2,D,35,0,0,36.0,48.0,38.285714285714285,0,12
2023-12-04,3,D,42,0,0,35.0,36.0,39.142857142857146,0,12
2023-12-04,1,C,50,0,0,42.0,41.0,40.42857142857143,0,12
2023-12-04,1,D,28,0,0,50.0,51.0,37.142857142857146,0,12
2023-12-04,2,A,52,0,0,28.0,34.0,39.714285714285715,0,12
2023-12-04,3,C,58,1,0,52.0,35.0,43.0,0,12
2023-12-05,1,A,30,0,0,58.0,36.0,42.142857142857146,1,12
2023-12-05,3,D,33,0,0,30.0,35.0,41.857142857142854,1,12
2023-12-05,2,B,37,0,0,33.0,42.0,41.142857142857146,1,12
2023-12-05,2,A,46,0,0,37.0,50.0,40.57142857142857,1,12
2023-12-05,1,C,49,0,0,46.0,28.0,43.57142857142857,1,12
2023-12-05,3,A,40,0,0,49.0,52.0,41.857142857142854,1,12
2023-12-05,1,B,49,0,0,40.0,58.0,40.57142857142857,1,12
2023-12-05,3,C,55,1,0,49.0,30.0,44.142857142857146,1,12
2023-12-05,1,D,21,0,0,55.0,33.0,42.42857142857143,1,12
2023-12-05,2,D,17,0,0,21.0,37.0,39.57142857142857,1,12
2023-12-05,3,B,45,0,0,17.0,46.0,39.42857142857143,1,12
2023-12-05,2,C,32,0,0,45.0,49.0,37.0,1,12
2023-12-06,1,D,45,1,0,32.0,40.0,37.714285714285715,2,12
2023-12-06,2,A,55,0,0,45.0,49.0,38.57142857142857,2,12
2023-12-06,1,B,54,0,0,55.0,55.0,38.42857142857143,2,12
2023-12-06,1,C,53,0,0,54.0,21.0,43.0,2,12
2023-12-06,2,D,29,0,0,53.0,17.0,44.714285714285715,2,12
2023-12-06,2,B,34,0,0,29.0,45.0,43.142857142857146,2,12
2023-12-06,3,A,28,0,0,34.0,32.0,42.57142857142857,2,12
2023-12-06,2,C,37,0,0,28.0,45.0,41.42857142857143,2,12
2023-12-06,1,A,40,0,0,37.0,55.0,39.285714285714285,2,12
2023-12-06,3,C,53,1,0,40.0,54.0,39.142857142857146,2,12
2023-12-06,3,D,47,0,0,53.0,53.0,38.285714285714285,2,12
2023-12-06,3,B,43,0,0,47.0,29.0,40.285714285714285,2,12
2023-12-07,2,D,28,0,0,43.0,34.0,39.42857142857143,3,12
2023-12-07,1,C,49,0,0,28.0,28.0,42.42857142857143,3,12
2023-12-07,3,D,36,0,0,49.0,37.0,42.285714285714285,3,12
2023-12-07,2,C,51,0,0,36.0,40.0,43.857142857142854,3,12
2023-12-07,2,A,57,0,0,51.0,53.0,44.42857142857143,3,12
2023-12-07,1,A,19,0,0,57.0,47.0,40.42857142857143,3,12
2023-12-07,2,B,37,0,0,19.0,43.0,39.57142857142857,3,12
2023-12-07,3,B,42,0,0,37.0,28.0,41.57142857142857,3,12
2023-12-07,1,D,39,0,0,42.0,49.0,40.142857142857146,3,12
2023-12-07,1,B,50,0,0,39.0,36.0,42.142857142857146,3,12
2023-12-07,3,C,43,0,0,50.0,51.0,41.0,3,12
2023-12-07,3,A,48,0,0,43.0,57.0,39.714285714285715,3,12
2023-12-08,1,D,26,0,0,48.0,19.0,40.714285714285715,4,12
2023-12-08,1,B,83,1,0,26.0,37.0,47.285714285714285,4,12
2023-12-08,2,A,49,0,0,83.0,42.0,48.285714285714285,4,12
2023-12-08,3,C,52,1,0,49.0,39.0,50.142857142857146,4,12
2023-12-08,2,C,39,0,0,52.0,50.0,48.57142857142857,4,12
2023-12-08,3,A,36,0,0,39.0,43.0,47.57142857142857,4,12
2023-12-08,3,B,44,0,0,36.0,48.0,47.0,4,12
2023-12-08,3,D,30,0,0,44.0,26.0,47.57142857142857,4,12
2023-12-08,2,D,32,0,0,30.0,83.0,40.285714285714285,4,12
2023-12-08,1,A,34,0,0,32.0,49.0,38.142857142857146,4,12
2023-12-08,1,C,43,0,0,34.0,52.0,36.857142857142854,4,12
2023-12-08,2,B,37,0,0,43.0,39.0,36.57142857142857,4,12
2023-12-09,3,C,83,1,0,37.0,36.0,43.285714285714285,5,12
2023-12-09,1,D,33,0,0,83.0,44.0,41.714285714285715,5,12
2023-12-09,3,B,56,0,0,33.0,30.0,45.42857142857143,5,12
2023-12-09,1,A,56,0,0,56.0,32.0,48.857142857142854,5,12
2023-12-09,1,B,98,1,0,56.0,34.0,58.0,5,12
2023-12-09,2,B,48,0,0,98.0,43.0,58.714285714285715,5,12
2023-12-09,2,A,72,0,0,48.0,37.0,63.714285714285715,5,12
2023-12-09,3,A,43,0,0,72.0,83.0,58.0,5,12
2023-12-09,1,C,90,1,0,43.0,33.0,66.14285714285714,5,12
2023-12-09,3,D,83,1,0,90.0,56.0,70.0,5,12
2023-12-09,2,D,54,1,0,83.0,56.0,69.71428571428571,5,12
2023-12-09,2,C,52,0,0,54.0,98.0,63.142857142857146,5,12
2023-12-10,3,A,45,0,0,52.0,48.0,62.714285714285715,6,12
2023-12-10,3,B,57,0,0,45.0,72.0,60.57142857142857,6,12
2023-12-10,1,C,57,0,0,57.0,43.0,62.57142857142857,6,12
2023-12-10,3,C,56,0,0,57.0,90.0,57.714285714285715,6,12
2023-12-10,3,D,56,0,0,56.0,83.0,53.857142857142854,6,12
2023-12-10,1,B,61,0,0,56.0,54.0,54.857142857142854,6,12
2023-12-10,2,B,51,0,0,61.0,52.0,54.714285714285715,6,12
2023-12-10,1,D,34,0,0,51.0,45.0,53.142857142857146,6,12
2023-12-10,1,A,41,0,0,34.0,57.0,50.857142857142854,6,12
2023-12-10,2,C,56,0,0,41.0,57.0,50.714285714285715,6,12
2023-12-10,2,A,83,0,0,56.0,56.0,54.57142857142857,6,12
2023-12-10,2,D,36,0,0,83.0,56.0,51.714285714285715,6,12
2023-12-11,2,B,65,1,0,36.0,61.0,52.285714285714285,0,12
2023-12-11,2,C,61,1,0,65.0,51.0,53.714285714285715,0,12
2023-12-11,1,B,56,0,0,61.0,34.0,56.857142857142854,0,12
2023-12-11,1,C,50,0,0,56.0,41.0,58.142857142857146,0,12
2023-12-11,1,D,36,1,0,50.0,56.0,55.285714285714285,0,12
2023-12-11,3,D,62,1,0,36.0,83.0,52.285714285714285,0,12
2023-12-11,3,A,36,0,0,62.0,36.0,52.285714285714285,0,12
2023-12-11,3,C,62,1,0,36.0,65.0,51.857142857142854,0,12
2023-12-11,2,A,58,0,0,62.0,61.0,51.42857142857143,0,12
2023-12-11,3,B,33,0,0,58.0,56.0,48.142857142857146,0,12
2023-12-11,2,D,24,0,0,33.0,50.0,44.42857142857143,0,12
2023-12-11,1,A,37,0,0,24.0,36.0,44.57142857142857,0,12
2023-12-12,3,A,24,0,0,37.0,62.0,39.142857142857146,1,12
2023-12-12,2,C,48,0,0,24.0,36.0,40.857142857142854,1,12
2023-12-12,2,B,31,0,0,48.0,62.0,36.42857142857143,1,12
2023-12-12,1,B,63,0,0,31.0,58.0,37.142857142857146,1,12
2023-12-12,1,A,40,0,0,63.0,33.0,38.142857142857146,1,12
2023-12-12,2,D,26,0,0,40.0,24.0,38.42857142857143,1,12
2023-12-12,1,C,50,0,0,26.0,37.0,40.285714285714285,1,12
2023-12-12,3,C,39,0,0,50.0,24.0,42.42857142857143,1,12
2023-12-12,2,A,54,0,0,39.0,48.0,43.285714285714285,1,12
2023-12-12,1,D,15,0,0,54.0,31.0,41.0,1,12
2023-12-12,3,D,45,0,0,15.0,63.0,38.42857142857143,1,12
2023-12-12,3,B,44,0,0,45.0,40.0,39.0,1,12
2023-12-13,3,B,37,0,0,44.0,26.0,40.57142857142857,2,12
2023-12-13,2,C,42,0,0,37.0,50.0,39.42857142857143,2,12
2023-12-13,1,C,49,0,0,42.0,39.0,40.857142857142854,2,12
2023-12-13,2,B,38,0,0,49.0,54.0,38.57142857142857,2,12
2023-12-13,3,D,35,0,0,38.0,15.0,41.42857142857143,2,12
2023-12-13,1,A,25,0,0,35.0,45.0,38.57142857142857,2,12
2023-12-13,1,B,56,0,0,25.0,44.0,40.285714285714285,2,12
2023-12-13,3,C,61,1,0,56.0,37.0,43.714285714285715,2,12
2023-12-13,2,A,48,0,0,61.0,42.0,44.57142857142857,2,12
2023-12-13,1,D,29,0,0,48.0,49.0,41.714285714285715,2,12
2023-12-13,3,A,33,0,0,29.0,38.0,41.0,2,12
2023-12-13,2,D,34,0,0,33.0,35.0,40.857142857142854,2,12
2023-12-14,2,D,29,0,0,34.0,25.0,41.42857142857143,3,12
2023-12-14,3,C,31,0,0,29.0,56.0,37.857142857142854,3,12
2023-12-14,2,C,37,0,0,31.0,61.0,34.42857142857143,3,12
2023-12-14,1,B,57,0,0,37.0,48.0,35.714285714285715,3,12
2023-12-14,1,D,28,0,0,57.0,29.0,35.57142857142857,3,12
2023-12-14,3,D,65,1,0,28.0,33.0,40.142857142857146,3,12
2023-12-14,3,B,65,1,0,65.0,34.0,44.57142857142857,3,12
2023-12-14,3,A,39,0,0,65.0,29.0,46.0,3,12
2023-12-14,2,A,58,0,0,39.0,31.0,49.857142857142854,3,12
2023-12-14,2,B,51,1,0,58.0,37.0,51.857142857142854,3,12
2023-12-14,1,C,51,0,0,51.0,57.0,51.0,3,12
2023-12-14,1,A,27,0,0,51.0,28.0,50.857142857142854,3,12
2023-12-15,3,D,45,0,0,27.0,65.0,48.0,4,12
2023-12-15,2,B,30,0,0,45.0,65.0,43.0,4,12
2023-12-15,1,A,34,0,0,30.0,39.0,42.285714285714285,4,12
2023-12-15,2,C,44,0,0,34.0,58.0,40.285714285714285,4,12
2023-12-15,3,C,43,0,0,44.0,51.0,39.142857142857146,4,12
2023-12-15,1,B,55,0,0,43.0,51.0,39.714285714285715,4,12
2023-12-15,1,C,53,0,0,55.0,27.0,43.42857142857143,4,12
2023-12-15,3,B,41,0,0,53.0,45.0,42.857142857142854,4,12
2023-12-15,2,A,56,0,0,41.0,30.0,46.57142857142857,4,12
2023-12-15,1,D,24,0,0,56.0,34.0,45.142857142857146,4,12
2023-12-15,3,A,30,0,0,24.0,44.0,43.142857142857146,4,12
2023-12-15,2,D,30,0,0,30.0,43.0,41.285714285714285,4,12
2023-12-16,1,B,72,0,0,30.0,55.0,43.714285714285715,5,12
2023-12-16,3,C,56,0,0,72.0,53.0,44.142857142857146,5,12
2023-12-16,1,D,31,0,0,56.0,41.0,42.714285714285715,5,12
2023-12-16,3,D,57,0,0,31.0,56.0,42.857142857142854,5,12
2023-12-16,2,B,54,0,0,57.0,24.0,47.142857142857146,5,12
2023-12-16,3,A,56,0,0,54.0,30.0,50.857142857142854,5,12
2023-12-16,2,A,67,0,0,56.0,30.0,56.142857142857146,5,12
2023-12-16,2,D,36,0,0,67.0,72.0,51.0,5,12
2023-12-16,1,C,62,0,0,36.0,56.0,51.857142857142854,5,12
2023-12-16,3,B,45,0,0,62.0,31.0,53.857142857142854,5,12
2023-12-16,1,A,41,0,0,45.0,57.0,51.57142857142857,5,12
2023-12-16,2,C,47,0,0,41.0,54.0,50.57142857142857,5,12
2023-12-17,3,D,55,0,0,47.0,56.0,50.42857142857143,6,12
2023-12-17,1,C,93,1,0,55.0,67.0,54.142857142857146,6,12
2023-12-17,3,B,58,0,0,93.0,36.0,57.285714285714285,6,12
2023-12-17,1,B,64,0,0,58.0,62.0,57.57142857142857,6,12
2023-12-17,1,A,44,0,0,64.0,45.0,57.42857142857143,6,12
2023-12-17,2,A,108,1,0,44.0,41.0,67.0,6,12
2023-12-17,2,C,79,1,0,108.0,47.0,71.57142857142857,6,12
2023-12-17,2,B,50,0,0,79.0,55.0,70.85714285714286,6,12
2023-12-17,1,D,41,0,0,50.0,93.0,63.42857142857143,6,12
2023-12-17,3,A,47,0,0,41.0,58.0,61.857142857142854,6,12
2023-12-17,2,D,34,0,0,47.0,64.0,57.57142857142857,6,12
2023-12-17,3,C,53,0,0,34.0,44.0,58.857142857142854,6,12
2023-12-18,2,B,30,0,0,53.0,108.0,47.714285714285715,0,12
2023-12-18,2,A,48,0,0,30.0,79.0,43.285714285714285,0,12
2023-12-18,3,C,42,0,0,48.0,50.0,42.142857142857146,0,12
2023-12-18,3,D,35,0,0,42.0,41.0,41.285714285714285,0,12
2023-12-18,1,A,26,0,0,35.0,47.0,38.285714285714285,0,12
2023-12-18,1,B,51,0,0,26.0,34.0,40.714285714285715,0,12
2023-12-18,1,D,34,0,0,51.0,53.0,38.0,0,12
2023-12-18,3,A,30,0,0,34.0,30.0,38.0,0,12
2023-12-18,2,D,18,0,0,30.0,48.0,33.714285714285715,0,12
2023-12-18,3,B,35,0,0,18.0,42.0,32.714285714285715,0,12
2023-12-18,1,C,52,0,0,35.0,35.0,35.142857142857146,0,12
2023-12-18,2,C,36,0,0,52.0,26.0,36.57142857142857,0,12
2023-12-19,3,D,38,0,0,36.0,51.0,34.714285714285715,1,12
2023-12-19,3,A,30,0,0,38.0,34.0,34.142857142857146,1,12
2023-12-19,2,C,35,0,0,30.0,30.0,34.857142857142854,1,12
2023-12-19,2,A,55,0,0,35.0,18.0,40.142857142857146,1,12
2023-12-19,2,D,47,1,0,55.0,35.0,41.857142857142854,1,12
2023-12-19,1,D,43,1,0,47.0,52.0,40.57142857142857,1,12
2023-12-19,1,C,53,0,0,43.0,36.0,43.0,1,12
2023-12-19,3,B,37,0,0,53.0,38.0,42.857142857142854,1,12
2023-12-19,1,B,61,0,0,37.0,30.0,47.285714285714285,1,12
2023-12-19,3,C,38,0,0,61.0,35.0,47.714285714285715,1,12
2023-12-19,2,B,37,0,0,38.0,55.0,45.142857142857146,1,12
2023-12-19,1,A,28,0,0,37.0,47.0,42.42857142857143,1,12
2023-12-20,3,C,48,0,0,28.0,43.0,43.142857142857146,2,12
2023-12-20,1,D,32,1,0,48.0,53.0,40.142857142857146,2,12
2023-12-20,1,A,37,0,0,32.0,37.0,40.142857142857146,2,12
2023-12-20,2,B,48,1,0,37.0,61.0,38.285714285714285,2,12
2023-12-20,3,A,39,0,0,48.0,38.0,38.42857142857143,2,12
2023-12-20,1,C,47,0,0,39.0,37.0,39.857142857142854,2,12
2023-12-20,2,C,47,0,0,47.0,28.0,42.57142857142857,2,12
2023-12-20,2,A,80,1,0,47.0,48.0,47.142857142857146,2,12
2023-12-20,3,B,47,0,0,80.0,32.0,49.285714285714285,2,12
2023-12-20,2,D,31,0,0,47.0,37.0,48.42857142857143,2,12
2023-12-20,1,B,49,0,0,31.0,48.0,48.57142857142857,2,12
2023-12-20,3,D,66,1,0,49.0,39.0,52.42857142857143,2,12
2023-12-21,3,A,37,0,0,66.0,47.0,51.0,3,12
2023-12-21,1,A,27,0,0,37.0,47.0,48.142857142857146,3,12
2023-12-21,1,D,27,0,0,27.0,80.0,40.57142857142857,3,12
2023-12-21,3,C,42,0,0,27.0,47.0,39.857142857142854,3,12
2023-12-21,3,D,38,0,0,42.0,31.0,40.857142857142854,3,12
2023-12-21,2,B,52,1,0,38.0,49.0,41.285714285714285,3,12
2023-12-21,1,C,51,0,0,52.0,66.0,39.142857142857146,3,12
2023-12-21,2,C,45,0,0,51.0,37.0,40.285714285714285,3,12
2023-12-21,1,B,80,1,0,45.0,27.0,47.857142857142854,3,12
2023-12-21,3,B,40,0,0,80.0,27.0,49.714285714285715,3,12
2023-12-21,2,A,90,1,0,40.0,42.0,56.57142857142857,3,12
2023-12-21,2,D,27,0,0,90.0,38.0,55.0,3,12
2023-12-22,2,D,37,1,0,27.0,52.0,52.857142857142854,4,12
2023-12-22,3,C,42,0,0,37.0,51.0,51.57142857142857,4,12
2023-12-22,1,A,28,0,0,42.0,45.0,49.142857142857146,4,12
2023-12-22,1,D,30,0,0,28.0,80.0,42.0,4,12
2023-12-22,3,B,37,0,0,30.0,40.0,41.57142857142857,4,12
2023-12-22,3,D,35,0,0,37.0,90.0,33.714285714285715,4,12
2023-12-22,1,B,88,1,0,35.0,27.0,42.42857142857143,4,12
2023-12-22,2,B,27,0,0,88.0,37.0,41.0,4,12
2023-12-22,2,A,54,0,0,27.0,42.0,42.714285714285715,4,12
2023-12-22,3,A,37,0,0,54.0,28.0,44.0,4,12
2023-12-22,2,C,42,0,0,37.0,30.0,45.714285714285715,4,12
2023-12-22,1,C,48,0,0,42.0,37.0,47.285714285714285,4,12
2023-12-23,2,A,82,0,0,48.0,35.0,54.0,5,12
2023-12-23,2,C,63,0,0,82.0,88.0,50.42857142857143,5,12
2023-12-23,1,D,54,1,0,63.0,27.0,54.285714285714285,5,12
2023-12-23,2,B,73,1,0,54.0,54.0,57.0,5,12
2023-12-23,3,C,57,0,0,73.0,37.0,59.857142857142854,5,12
2023-12-23,1,C,60,0,0,57.0,42.0,62.42857142857143,5,12
2023-12-23,3,D,90,1,0,60.0,48.0,68.42857142857143,5,12
2023-12-23,3,A,70,1,0,90.0,82.0,66.71428571428571,5,12
2023-12-23,3,B,50,0,0,70.0,63.0,64.85714285714286,5,12
2023-12-23,1,A,54,1,0,50.0,54.0,64.85714285714286,5,12
2023-12-23,2,D,39,0,0,54.0,73.0,60.0,5,12
2023-12-23,1,B,72,0,0,39.0,57.0,62.142857142857146,5,12
2023-12-24,3,D,44,0,0,72.0,60.0,59.857142857142854,6,12
2023-12-24,1,A,34,0,0,44.0,90.0,51.857142857142854,6,12
2023-12-24,2,B,53,0,0,34.0,70.0,49.42857142857143,6,12
2023-12-24,2,A,106,1,0,53.0,50.0,57.42857142857143,6,12
2023-12-24,3,B,75,1,0,106.0,54.0,60.42857142857143,6,12
2023-12-24,3,C,54,0,0,75.0,39.0,62.57142857142857,6,12
2023-12-24,1,B,72,0,0,54.0,72.0,62.57142857142857,6,12
2023-12-24,3,A,47,0,0,72.0,44.0,63.0,6,12
2023-12-24,2,C,50,0,0,47.0,34.0,65.28571428571429,6,12
2023-12-24,1,D,36,0,0,50.0,53.0,62.857142857142854,6,12
2023-12-24,1,C,70,0,0,36.0,106.0,57.714285714285715,6,12
2023-12-24,2,D,31,0,0,70.0,75.0,51.42857142857143,6,12
2023-12-25,1,D,82,1,1,31.0,54.0,55.42857142857143,0,12
2023-12-25,2,A,112,0,1,82.0,72.0,61.142857142857146,0,12
2023-12-25,1,A,69,0,1,112.0,47.0,64.28571428571429,0,12
2023-12-25,1,B,108,0,1,69.0,50.0,72.57142857142857,0,12
2023-12-25,1,C,109,0,1,108.0,36.0,83.0,0,12
2023-12-25,2,B,79,0,1,109.0,70.0,84.28571428571429,0,12
2023-12-25,3,A,74,0,1,79.0,31.0,90.42857142857143,0,12
2023-12-25,3,D,119,1,1,74.0,82.0,95.71428571428571,0,12
2023-12-25,3,C,89,0,1,119.0,112.0,92.42857142857143,0,12
2023-12-25,2,D,58,0,1,89.0,69.0,90.85714285714286,0,12
2023-12-25,3,B,83,0,1,58.0,108.0,87.28571428571429,0,12
2023-12-25,2,C,86,0,1,83.0,109.0,84.0,0,12
2023-12-26,1,C,48,0,0,86.0,79.0,79.57142857142857,1,12
2023-12-26,2,D,24,0,0,48.0,74.0,72.42857142857143,1,12
2023-12-26,3,C,41,0,0,24.0,119.0,61.285714285714285,1,12
2023-12-26,2,C,69,1,0,41.0,89.0,58.42857142857143,1,12
2023-12-26,3,A,39,0,0,69.0,58.0,55.714285714285715,1,12
2023-12-26,1,B,86,1,0,39.0,83.0,56.142857142857146,1,12
2023-12-26,1,D,41,1,0,86.0,86.0,49.714285714285715,1,12
2023-12-26,2,B,36,0,0,41.0,48.0,48.0,1,12
2023-12-26,1,A,27,0,0,36.0,24.0,48.42857142857143,1,12
2023-12-26,3,B,57,1,0,27.0,41.0,50.714285714285715,1,12
2023-12-26,2,A,61,0,0,57.0,69.0,49.57142857142857,1,12
2023-12-26,3,D,43,0,0,61.0,39.0,50.142857142857146,1,12
2023-12-27,1,A,26,0,0,43.0,86.0,41.57142857142857,2,12
2023-12-27,2,D,29,0,0,26.0,41.0,39.857142857142854,2,12
2023-12-27,1,C,78,1,0,29.0,36.0,45.857142857142854,2,12
2023-12-27,3,A,54,1,0,78.0,27.0,49.714285714285715,2,12
2023-12-27,2,A,58,0,0,54.0,57.0,49.857142857142854,2,12
2023-12-27,3,D,52,0,0,58.0,61.0,48.57142857142857,2,12
2023-12-27,3,C,39,0,0,52.0,43.0,48.0,2,12
2023-12-27,1,B,59,0,0,39.0,26.0,52.714285714285715,2,12
2023-12-27,2,C,42,0,0,59.0,29.0,54.57142857142857,2,12
2023-12-27,3,B,39,0,0,42.0,78.0,49.0,2,12
2023-12-27,1,D,33,0,0,39.0,54.0,46.0,2,12
2023-12-27,2,B,43,0,0,33.0,58.0,43.857142857142854,2,12
2023-12-28,1,B,51,0,0,43.0,52.0,43.714285714285715,3,12
2023-12-28,3,D,39,0,0,51.0,39.0,43.714285714285715,3,12
2023-12-28,3,B,42,0,0,39.0,59.0,41.285714285714285,3,12
2023-12-28,3,A,35,0,0,42.0,42.0,40.285714285714285,3,12
2023-12-28,2,D,34,0,0,35.0,39.0,39.57142857142857,3,12
2023-12-28,1,A,32,0,0,34.0,33.0,39.42857142857143,3,12
2023-12-28,1,C,51,0,0,32.0,43.0,40.57142857142857,3,12
2023-12-28,2,A,72,1,0,51.0,51.0,43.57142857142857,3,12
2023-12-28,2,B,64,1,0,72.0,39.0,47.142857142857146,3,12
2023-12-28,2,C,41,0,0,64.0,42.0,47.0,3,12
2023-12-28,1,D,44,1,0,41.0,35.0,48.285714285714285,3,12
2023-12-28,3,C,39,0,0,44.0,34.0,49.0,3,12
2023-12-29,2,D,28,0,0,39.0,32.0,48.42857142857143,4,12
2023-12-29,2,A,57,0,0,28.0,51.0,49.285714285714285,4,12
2023-12-29,3,D,39,0,0,57.0,72.0,44.57142857142857,4,12
2023-12-29,2,B,61,1,0,39.0,64.0,44.142857142857146,4,12
2023-12-29,3,C,59,1,0,61.0,41.0,46.714285714285715,4,12
2023-12-29,3,A,31,0,0,59.0,44.0,44.857142857142854,4,12
2023-12-29,1,D,25,0,0,31.0,39.0,42.857142857142854,4,12
2023-12-29,2,C,38,0,0,25.0,28.0,44.285714285714285,4,12
2023-12-29,1,B,48,0,0,38.0,57.0,43.0,4,12
2023-12-29,3,B,41,0,0,48.0,39.0,43.285714285714285,4,12
2023-12-29,1,A,46,1,0,41.0,61.0,41.142857142857146,4,12
2023-12-29,1,C,41,0,0,46.0,59.0,38.57142857142857,4,12
2023-12-30,3,B,48,0,0,41.0,31.0,41.0,5,12
2023-12-30,2,A,73,0,0,48.0,25.0,47.857142857142854,5,12
2023-12-30,3,A,46,0,0,73.0,38.0,49.0,5,12
2023-12-30,1,B,98,1,0,46.0,48.0,56.142857142857146,5,12
2023-12-30,2,D,56,1,0,98.0,41.0,58.285714285714285,5,12
2023-12-30,1,C,71,0,0,56.0,46.0,61.857142857142854,5,12
2023-12-30,2,C,57,0,0,71.0,41.0,64.14285714285714,5,12
2023-12-30,1,D,35,0,0,57.0,48.0,62.285714285714285,5,12
2023-12-30,3,D,52,0,0,35.0,73.0,59.285714285714285,5,12
2023-12-30,2,B,72,1,0,52.0,46.0,63.0,5,12
2023-12-30,1,A,44,0,0,72.0,98.0,55.285714285714285,5,12
2023-12-30,3,C,59,0,0,44.0,56.0,55.714285714285715,5,12
2023-12-31,2,B,49,0,0,59.0,71.0,52.57142857142857,6,12
2023-12-31,3,B,55,0,0,49.0,57.0,52.285714285714285,6,12
2023-12-31,3,A,69,1,0,55.0,35.0,57.142857142857146,6,12
2023-12-31,2,D,45,0,0,69.0,52.0,56.142857142857146,6,12
2023-12-31,2,C,47,0,0,45.0,72.0,52.57142857142857,6,12
2023-12-31,2,A,99,1,0,47.0,44.0,60.42857142857143,6,12
2023-12-31,1,D,62,1,0,99.0,59.0,60.857142857142854,6,12
2023-12-31,1,C,67,0,0,62.0,49.0,63.42857142857143,6,12
2023-12-31,1,B,74,0,0,67.0,55.0,66.14285714285714,6,12
2023-12-31,1,A,58,1,0,74.0,69.0,64.57142857142857,6,12
2023-12-31,3,C,57,0,0,58.0,45.0,66.28571428571429,6,12
2023-12-31,3,D,48,0,0,57.0,47.0,66.42857142857143,6,12
